<?xml version='1.0' encoding='UTF-8'?>
<gpx version="1.1" creator="https://www.komoot.de" xmlns="http://www.topografix.com/GPX/1/1" xmlns:xsi="http://www.w3.org/2001/XMLSchema-instance" xsi:schemaLocation="http://www.topografix.com/GPX/1/1 http://www.topografix.com/GPX/1/1/gpx.xsd">
  <metadata>
    <name>Giro Hard Ciclo Garrano (monte farina ,valle piola,3 croci.serpente)</name>
    <author>
      <link href="https://www.komoot.de">
        <text>komoot</text>
        <type>text/html</type>
      </link>
    </author>
  </metadata>
  <wpt lat="42.696761" lon="13.601612">
    <name>Rifugio Fratta Montanara</name>
    <sym>Fishing Hot Spot Facility</sym>
  </wpt>
  <wpt lat="42.713651" lon="13.587233">
    <name>Valico di Pietra Stretta</name>
    <sym>Flag, Blue</sym>
  </wpt>
  <wpt lat="42.713401" lon="13.578778">
    <name>Monte della Farina</name>
    <sym>Summit</sym>
  </wpt>
  <trk>
    <name>Giro Hard Ciclo Garrano (monte farina ,valle piola,3 croci.serpente)</name>
    <type>hike</type>
    <trkseg>
      <trkpt lat="42.699101" lon="13.663274">
        <ele>474.376354</ele>
        <time>2026-06-25T11:41:11.087Z</time>
      </trkpt>
      <trkpt lat="42.699194" lon="13.662949">
        <ele>474.376354</ele>
        <time>2026-06-25T11:41:38.995Z</time>
      </trkpt>
      <trkpt lat="42.699175" lon="13.662826">
        <ele>474.376354</ele>
        <time>2026-06-25T11:41:49.036Z</time>
      </trkpt>
      <trkpt lat="42.698810" lon="13.662572">
        <ele>474.376354</ele>
        <time>2026-06-25T11:42:34.366Z</time>
      </trkpt>
      <trkpt lat="42.698536" lon="13.662325">
        <ele>475.584484</ele>
        <time>2026-06-25T11:43:11.620Z</time>
      </trkpt>
      <trkpt lat="42.698440" lon="13.662258">
        <ele>476.277790</ele>
        <time>2026-06-25T11:43:24.141Z</time>
      </trkpt>
      <trkpt lat="42.698359" lon="13.662254">
        <ele>476.798634</ele>
        <time>2026-06-25T11:43:33.488Z</time>
      </trkpt>
      <trkpt lat="42.697863" lon="13.662308">
        <ele>479.996090</ele>
        <time>2026-06-25T11:44:31.968Z</time>
      </trkpt>
      <trkpt lat="42.697495" lon="13.662314">
        <ele>482.361008</ele>
        <time>2026-06-25T11:45:16.834Z</time>
      </trkpt>
      <trkpt lat="42.697265" lon="13.662387">
        <ele>483.878653</ele>
        <time>2026-06-25T11:45:46.719Z</time>
      </trkpt>
      <trkpt lat="42.697159" lon="13.662385">
        <ele>484.559869</ele>
        <time>2026-06-25T11:46:00.637Z</time>
      </trkpt>
      <trkpt lat="42.697050" lon="13.662327">
        <ele>485.311953</ele>
        <time>2026-06-25T11:46:16.140Z</time>
      </trkpt>
      <trkpt lat="42.696790" lon="13.662357">
        <ele>487.360015</ele>
        <time>2026-06-25T11:46:51.402Z</time>
      </trkpt>
      <trkpt lat="42.696712" lon="13.662237">
        <ele>488.383042</ele>
        <time>2026-06-25T11:47:07.617Z</time>
      </trkpt>
      <trkpt lat="42.696527" lon="13.662187">
        <ele>490.021914</ele>
        <time>2026-06-25T11:47:33.978Z</time>
      </trkpt>
      <trkpt lat="42.696473" lon="13.662142">
        <ele>490.572130</ele>
        <time>2026-06-25T11:47:42.832Z</time>
      </trkpt>
      <trkpt lat="42.695875" lon="13.661644">
        <ele>496.664156</ele>
        <time>2026-06-25T11:49:16.767Z</time>
      </trkpt>
      <trkpt lat="42.695617" lon="13.661486">
        <ele>499.122530</ele>
        <time>2026-06-25T11:49:52.754Z</time>
      </trkpt>
      <trkpt lat="42.695429" lon="13.661441">
        <ele>500.781149</ele>
        <time>2026-06-25T11:50:16.062Z</time>
      </trkpt>
      <trkpt lat="42.695189" lon="13.661471">
        <ele>502.173645</ele>
        <time>2026-06-25T11:50:44.319Z</time>
      </trkpt>
      <trkpt lat="42.694722" lon="13.661775">
        <ele>504.267246</ele>
        <time>2026-06-25T11:51:41.365Z</time>
      </trkpt>
      <trkpt lat="42.694437" lon="13.661844">
        <ele>505.437908</ele>
        <time>2026-06-25T11:52:12.162Z</time>
      </trkpt>
      <trkpt lat="42.694384" lon="13.661814">
        <ele>505.670052</ele>
        <time>2026-06-25T11:52:18.218Z</time>
      </trkpt>
      <trkpt lat="42.694042" lon="13.661416">
        <ele>507.490032</ele>
        <time>2026-06-25T11:53:07.885Z</time>
      </trkpt>
      <trkpt lat="42.693976" lon="13.661076">
        <ele>508.535275</ele>
        <time>2026-06-25T11:53:37.936Z</time>
      </trkpt>
      <trkpt lat="42.693933" lon="13.661087">
        <ele>508.712217</ele>
        <time>2026-06-25T11:53:43.001Z</time>
      </trkpt>
      <trkpt lat="42.693976" lon="13.661076">
        <ele>508.949438</ele>
        <time>2026-06-25T11:53:48.265Z</time>
      </trkpt>
      <trkpt lat="42.694617" lon="13.660637">
        <ele>515.179226</ele>
        <time>2026-06-25T11:55:17.460Z</time>
      </trkpt>
      <trkpt lat="42.694740" lon="13.660570">
        <ele>516.329394</ele>
        <time>2026-06-25T11:55:34.345Z</time>
      </trkpt>
      <trkpt lat="42.694822" lon="13.660573">
        <ele>517.041501</ele>
        <time>2026-06-25T11:55:45.030Z</time>
      </trkpt>
      <trkpt lat="42.694854" lon="13.660546">
        <ele>517.368376</ele>
        <time>2026-06-25T11:55:49.869Z</time>
      </trkpt>
      <trkpt lat="42.694862" lon="13.660235">
        <ele>519.353893</ele>
        <time>2026-06-25T11:56:20.026Z</time>
      </trkpt>
      <trkpt lat="42.694975" lon="13.659568">
        <ele>523.721205</ele>
        <time>2026-06-25T11:57:28.445Z</time>
      </trkpt>
      <trkpt lat="42.695028" lon="13.659270">
        <ele>526.160431</ele>
        <time>2026-06-25T11:58:01.148Z</time>
      </trkpt>
      <trkpt lat="42.695068" lon="13.659157">
        <ele>527.275775</ele>
        <time>2026-06-25T11:58:14.746Z</time>
      </trkpt>
      <trkpt lat="42.695112" lon="13.659105">
        <ele>527.980932</ele>
        <time>2026-06-25T11:58:23.435Z</time>
      </trkpt>
      <trkpt lat="42.695199" lon="13.659103">
        <ele>529.033720</ele>
        <time>2026-06-25T11:58:36.426Z</time>
      </trkpt>
      <trkpt lat="42.695507" lon="13.659258">
        <ele>533.007040</ele>
        <time>2026-06-25T11:59:26.757Z</time>
      </trkpt>
      <trkpt lat="42.695684" lon="13.659298">
        <ele>535.177954</ele>
        <time>2026-06-25T11:59:54.688Z</time>
      </trkpt>
      <trkpt lat="42.695889" lon="13.659434">
        <ele>537.937442</ele>
        <time>2026-06-25T12:00:30.197Z</time>
      </trkpt>
      <trkpt lat="42.695978" lon="13.659537">
        <ele>539.351127</ele>
        <time>2026-06-25T12:00:48.334Z</time>
      </trkpt>
      <trkpt lat="42.696110" lon="13.659780">
        <ele>542.038161</ele>
        <time>2026-06-25T12:01:21.948Z</time>
      </trkpt>
      <trkpt lat="42.696210" lon="13.659678">
        <ele>543.550325</ele>
        <time>2026-06-25T12:01:40.220Z</time>
      </trkpt>
      <trkpt lat="42.696327" lon="13.659627">
        <ele>545.036813</ele>
        <time>2026-06-25T12:01:57.414Z</time>
      </trkpt>
      <trkpt lat="42.696536" lon="13.659562">
        <ele>546.745221</ele>
        <time>2026-06-25T12:02:26.055Z</time>
      </trkpt>
      <trkpt lat="42.696711" lon="13.659554">
        <ele>547.540432</ele>
        <time>2026-06-25T12:02:48.780Z</time>
      </trkpt>
      <trkpt lat="42.696955" lon="13.659474">
        <ele>548.680276</ele>
        <time>2026-06-25T12:03:19.628Z</time>
      </trkpt>
      <trkpt lat="42.697033" lon="13.659410">
        <ele>549.093939</ele>
        <time>2026-06-25T12:03:30.229Z</time>
      </trkpt>
      <trkpt lat="42.697383" lon="13.658689">
        <ele>551.978028</ele>
        <time>2026-06-25T12:04:41.800Z</time>
      </trkpt>
      <trkpt lat="42.697525" lon="13.658551">
        <ele>552.770524</ele>
        <time>2026-06-25T12:05:00.413Z</time>
      </trkpt>
      <trkpt lat="42.697762" lon="13.658541">
        <ele>553.847377</ele>
        <time>2026-06-25T12:05:24.879Z</time>
      </trkpt>
      <trkpt lat="42.698181" lon="13.658606">
        <ele>554.456887</ele>
        <time>2026-06-25T12:06:07.281Z</time>
      </trkpt>
      <trkpt lat="42.698336" lon="13.658449">
        <ele>554.504714</ele>
        <time>2026-06-25T12:06:26.986Z</time>
      </trkpt>
      <trkpt lat="42.698459" lon="13.658385">
        <ele>554.537308</ele>
        <time>2026-06-25T12:06:40.386Z</time>
      </trkpt>
      <trkpt lat="42.698507" lon="13.657428">
        <ele>554.711794</ele>
        <time>2026-06-25T12:07:51.792Z</time>
      </trkpt>
      <trkpt lat="42.698419" lon="13.657021">
        <ele>554.788967</ele>
        <time>2026-06-25T12:08:23.074Z</time>
      </trkpt>
      <trkpt lat="42.698423" lon="13.656599">
        <ele>555.869717</ele>
        <time>2026-06-25T12:08:55.267Z</time>
      </trkpt>
      <trkpt lat="42.698622" lon="13.656061">
        <ele>558.804849</ele>
        <time>2026-06-25T12:09:45.515Z</time>
      </trkpt>
      <trkpt lat="42.698642" lon="13.656009">
        <ele>559.090861</ele>
        <time>2026-06-25T12:09:50.679Z</time>
      </trkpt>
      <trkpt lat="42.698682" lon="13.655731">
        <ele>560.471335</ele>
        <time>2026-06-25T12:10:16.331Z</time>
      </trkpt>
      <trkpt lat="42.698897" lon="13.655081">
        <ele>563.944953</ele>
        <time>2026-06-25T12:11:24.690Z</time>
      </trkpt>
      <trkpt lat="42.699188" lon="13.654749">
        <ele>566.463062</ele>
        <time>2026-06-25T12:12:15.964Z</time>
      </trkpt>
      <trkpt lat="42.699476" lon="13.654506">
        <ele>568.831458</ele>
        <time>2026-06-25T12:13:01.765Z</time>
      </trkpt>
      <trkpt lat="42.699892" lon="13.654432">
        <ele>571.785900</ele>
        <time>2026-06-25T12:13:56.930Z</time>
      </trkpt>
      <trkpt lat="42.700275" lon="13.654298">
        <ele>574.570755</ele>
        <time>2026-06-25T12:14:46.510Z</time>
      </trkpt>
      <trkpt lat="42.700592" lon="13.654129">
        <ele>576.968325</ele>
        <time>2026-06-25T12:15:26.907Z</time>
      </trkpt>
      <trkpt lat="42.700851" lon="13.653936">
        <ele>579.047817</ele>
        <time>2026-06-25T12:16:00.446Z</time>
      </trkpt>
      <trkpt lat="42.701481" lon="13.653226">
        <ele>580.893408</ele>
        <time>2026-06-25T12:17:29.777Z</time>
      </trkpt>
      <trkpt lat="42.702061" lon="13.652760">
        <ele>582.190680</ele>
        <time>2026-06-25T12:18:40.160Z</time>
      </trkpt>
      <trkpt lat="42.702407" lon="13.652403">
        <ele>583.020784</ele>
        <time>2026-06-25T12:19:24.725Z</time>
      </trkpt>
      <trkpt lat="42.702699" lon="13.651912">
        <ele>583.876071</ele>
        <time>2026-06-25T12:20:12.639Z</time>
      </trkpt>
      <trkpt lat="42.703020" lon="13.651505">
        <ele>584.684501</ele>
        <time>2026-06-25T12:20:58.293Z</time>
      </trkpt>
      <trkpt lat="42.703464" lon="13.651173">
        <ele>585.617987</ele>
        <time>2026-06-25T12:21:52.481Z</time>
      </trkpt>
      <trkpt lat="42.703894" lon="13.650920">
        <ele>586.639250</ele>
        <time>2026-06-25T12:22:44.929Z</time>
      </trkpt>
      <trkpt lat="42.704532" lon="13.650424">
        <ele>588.748603</ele>
        <time>2026-06-25T12:24:09.869Z</time>
      </trkpt>
      <trkpt lat="42.704675" lon="13.650364">
        <ele>589.178188</ele>
        <time>2026-06-25T12:24:26.558Z</time>
      </trkpt>
      <trkpt lat="42.705230" lon="13.650161">
        <ele>590.827995</ele>
        <time>2026-06-25T12:25:28.740Z</time>
      </trkpt>
      <trkpt lat="42.705289" lon="13.650160">
        <ele>590.997382</ele>
        <time>2026-06-25T12:25:34.971Z</time>
      </trkpt>
      <trkpt lat="42.705289" lon="13.650160">
        <ele>590.997382</ele>
        <time>2026-06-25T12:25:35.003Z</time>
      </trkpt>
      <trkpt lat="42.705885" lon="13.649906">
        <ele>590.840848</ele>
        <time>2026-06-25T12:26:37.505Z</time>
      </trkpt>
      <trkpt lat="42.706087" lon="13.649802">
        <ele>590.615007</ele>
        <time>2026-06-25T12:26:59.109Z</time>
      </trkpt>
      <trkpt lat="42.706201" lon="13.649688">
        <ele>590.467074</ele>
        <time>2026-06-25T12:27:13.715Z</time>
      </trkpt>
      <trkpt lat="42.706283" lon="13.649606">
        <ele>590.360666</ele>
        <time>2026-06-25T12:27:24.272Z</time>
      </trkpt>
      <trkpt lat="42.706320" lon="13.649524">
        <ele>590.286725</ele>
        <time>2026-06-25T12:27:31.686Z</time>
      </trkpt>
      <trkpt lat="42.706441" lon="13.649389">
        <ele>590.123108</ele>
        <time>2026-06-25T12:27:48.030Z</time>
      </trkpt>
      <trkpt lat="42.706531" lon="13.649368">
        <ele>590.027623</ele>
        <time>2026-06-25T12:27:57.610Z</time>
      </trkpt>
      <trkpt lat="42.706781" lon="13.649220">
        <ele>589.742536</ele>
        <time>2026-06-25T12:28:26.091Z</time>
      </trkpt>
      <trkpt lat="42.706801" lon="13.649213">
        <ele>589.720941</ele>
        <time>2026-06-25T12:28:28.220Z</time>
      </trkpt>
      <trkpt lat="42.706850" lon="13.649198">
        <ele>589.668422</ele>
        <time>2026-06-25T12:28:33.442Z</time>
      </trkpt>
      <trkpt lat="42.707167" lon="13.649097">
        <ele>588.784112</ele>
        <time>2026-06-25T12:29:07.396Z</time>
      </trkpt>
      <trkpt lat="42.707345" lon="13.649087">
        <ele>587.933681</ele>
        <time>2026-06-25T12:29:26.304Z</time>
      </trkpt>
      <trkpt lat="42.707435" lon="13.649003">
        <ele>587.412719</ele>
        <time>2026-06-25T12:29:37.923Z</time>
      </trkpt>
      <trkpt lat="42.707637" lon="13.648815">
        <ele>586.244507</ele>
        <time>2026-06-25T12:30:04.519Z</time>
      </trkpt>
      <trkpt lat="42.707641" lon="13.648803">
        <ele>586.198285</ele>
        <time>2026-06-25T12:30:05.605Z</time>
      </trkpt>
      <trkpt lat="42.707735" lon="13.648542">
        <ele>585.178703</ele>
        <time>2026-06-25T12:30:29.164Z</time>
      </trkpt>
      <trkpt lat="42.707810" lon="13.648416">
        <ele>584.609909</ele>
        <time>2026-06-25T12:30:42.356Z</time>
      </trkpt>
      <trkpt lat="42.707990" lon="13.648355">
        <ele>583.724413</ele>
        <time>2026-06-25T12:31:03.135Z</time>
      </trkpt>
      <trkpt lat="42.708041" lon="13.648298">
        <ele>583.409377</ele>
        <time>2026-06-25T12:31:10.476Z</time>
      </trkpt>
      <trkpt lat="42.708116" lon="13.648032">
        <ele>582.409983</ele>
        <time>2026-06-25T12:31:34.082Z</time>
      </trkpt>
      <trkpt lat="42.708235" lon="13.647851">
        <ele>581.558046</ele>
        <time>2026-06-25T12:31:54.228Z</time>
      </trkpt>
      <trkpt lat="42.708251" lon="13.647785">
        <ele>581.314260</ele>
        <time>2026-06-25T12:31:59.945Z</time>
      </trkpt>
      <trkpt lat="42.708337" lon="13.647449">
        <ele>579.785476</ele>
        <time>2026-06-25T12:32:29.380Z</time>
      </trkpt>
      <trkpt lat="42.708453" lon="13.647264">
        <ele>578.643254</ele>
        <time>2026-06-25T12:32:49.491Z</time>
      </trkpt>
      <trkpt lat="42.708600" lon="13.646847">
        <ele>576.471038</ele>
        <time>2026-06-25T12:33:28.416Z</time>
      </trkpt>
      <trkpt lat="42.708639" lon="13.646804">
        <ele>576.150221</ele>
        <time>2026-06-25T12:33:34.327Z</time>
      </trkpt>
      <trkpt lat="42.708642" lon="13.646751">
        <ele>575.900562</ele>
        <time>2026-06-25T12:33:38.907Z</time>
      </trkpt>
      <trkpt lat="42.708649" lon="13.646643">
        <ele>575.391355</ele>
        <time>2026-06-25T12:33:48.346Z</time>
      </trkpt>
      <trkpt lat="42.708624" lon="13.646517">
        <ele>574.778385</ele>
        <time>2026-06-25T12:33:59.693Z</time>
      </trkpt>
      <trkpt lat="42.708543" lon="13.646349">
        <ele>573.834662</ele>
        <time>2026-06-25T12:34:17.124Z</time>
      </trkpt>
      <trkpt lat="42.708470" lon="13.646083">
        <ele>572.501066</ele>
        <time>2026-06-25T12:34:41.191Z</time>
      </trkpt>
      <trkpt lat="42.708621" lon="13.646211">
        <ele>571.364012</ele>
        <time>2026-06-25T12:35:01.296Z</time>
      </trkpt>
      <trkpt lat="42.708794" lon="13.646229">
        <ele>570.255035</ele>
        <time>2026-06-25T12:35:20.493Z</time>
      </trkpt>
      <trkpt lat="42.709198" lon="13.646131">
        <ele>569.566987</ele>
        <time>2026-06-25T12:36:04.783Z</time>
      </trkpt>
      <trkpt lat="42.708867" lon="13.644429">
        <ele>570.357173</ele>
        <time>2026-06-25T12:38:18.173Z</time>
      </trkpt>
      <trkpt lat="42.708483" lon="13.642107">
        <ele>578.616251</ele>
        <time>2026-06-25T12:41:49.094Z</time>
      </trkpt>
      <trkpt lat="42.708432" lon="13.641913">
        <ele>579.424850</ele>
        <time>2026-06-25T12:42:06.633Z</time>
      </trkpt>
      <trkpt lat="42.708375" lon="13.641821">
        <ele>579.897110</ele>
        <time>2026-06-25T12:42:16.956Z</time>
      </trkpt>
      <trkpt lat="42.708270" lon="13.641731">
        <ele>580.581066</ele>
        <time>2026-06-25T12:42:31.466Z</time>
      </trkpt>
      <trkpt lat="42.708299" lon="13.641189">
        <ele>582.812782</ele>
        <time>2026-06-25T12:43:18.030Z</time>
      </trkpt>
      <trkpt lat="42.708331" lon="13.641011">
        <ele>583.565330</ele>
        <time>2026-06-25T12:43:33.820Z</time>
      </trkpt>
      <trkpt lat="42.708404" lon="13.640868">
        <ele>584.280392</ele>
        <time>2026-06-25T12:43:49.016Z</time>
      </trkpt>
      <trkpt lat="42.708527" lon="13.640700">
        <ele>585.254316</ele>
        <time>2026-06-25T12:44:09.831Z</time>
      </trkpt>
      <trkpt lat="42.708592" lon="13.640516">
        <ele>586.092728</ele>
        <time>2026-06-25T12:44:27.895Z</time>
      </trkpt>
      <trkpt lat="42.708683" lon="13.639691">
        <ele>589.518681</ele>
        <time>2026-06-25T12:45:42.171Z</time>
      </trkpt>
      <trkpt lat="42.708608" lon="13.638934">
        <ele>591.143516</ele>
        <time>2026-06-25T12:46:51.030Z</time>
      </trkpt>
      <trkpt lat="42.708656" lon="13.638589">
        <ele>591.713553</ele>
        <time>2026-06-25T12:47:20.602Z</time>
      </trkpt>
      <trkpt lat="42.708885" lon="13.637694">
        <ele>593.252091</ele>
        <time>2026-06-25T12:48:33.291Z</time>
      </trkpt>
      <trkpt lat="42.708920" lon="13.637626">
        <ele>593.386873</ele>
        <time>2026-06-25T12:48:39.630Z</time>
      </trkpt>
      <trkpt lat="42.708982" lon="13.637579">
        <ele>593.543668</ele>
        <time>2026-06-25T12:48:46.895Z</time>
      </trkpt>
      <trkpt lat="42.709068" lon="13.637598">
        <ele>593.736157</ele>
        <time>2026-06-25T12:48:55.986Z</time>
      </trkpt>
      <trkpt lat="42.709322" lon="13.637747">
        <ele>594.347539</ele>
        <time>2026-06-25T12:49:24.977Z</time>
      </trkpt>
      <trkpt lat="42.709389" lon="13.637890">
        <ele>594.623244</ele>
        <time>2026-06-25T12:49:38.098Z</time>
      </trkpt>
      <trkpt lat="42.709458" lon="13.638710">
        <ele>595.964992</ele>
        <time>2026-06-25T12:50:40.848Z</time>
      </trkpt>
      <trkpt lat="42.709486" lon="13.638829">
        <ele>596.168121</ele>
        <time>2026-06-25T12:50:50.131Z</time>
      </trkpt>
      <trkpt lat="42.709594" lon="13.638974">
        <ele>596.503760</ele>
        <time>2026-06-25T12:51:06.467Z</time>
      </trkpt>
      <trkpt lat="42.709921" lon="13.639140">
        <ele>597.275896</ele>
        <time>2026-06-25T12:51:47.028Z</time>
      </trkpt>
      <trkpt lat="42.710038" lon="13.639140">
        <ele>597.534743</ele>
        <time>2026-06-25T12:52:01.364Z</time>
      </trkpt>
      <trkpt lat="42.710131" lon="13.639041">
        <ele>597.795960</ele>
        <time>2026-06-25T12:52:16.049Z</time>
      </trkpt>
      <trkpt lat="42.710360" lon="13.638623">
        <ele>599.983112</ele>
        <time>2026-06-25T12:53:05.163Z</time>
      </trkpt>
      <trkpt lat="42.710727" lon="13.637945">
        <ele>604.776443</ele>
        <time>2026-06-25T12:54:26.370Z</time>
      </trkpt>
      <trkpt lat="42.710781" lon="13.637831">
        <ele>605.548483</ele>
        <time>2026-06-25T12:54:39.334Z</time>
      </trkpt>
      <trkpt lat="42.710798" lon="13.637723">
        <ele>606.177170</ele>
        <time>2026-06-25T12:54:49.905Z</time>
      </trkpt>
      <trkpt lat="42.710670" lon="13.637134">
        <ele>609.673338</ele>
        <time>2026-06-25T12:55:46.973Z</time>
      </trkpt>
      <trkpt lat="42.710627" lon="13.636549">
        <ele>612.868795</ele>
        <time>2026-06-25T12:56:39.428Z</time>
      </trkpt>
      <trkpt lat="42.710231" lon="13.635530">
        <ele>618.417687</ele>
        <time>2026-06-25T12:58:20.539Z</time>
      </trkpt>
      <trkpt lat="42.710107" lon="13.635060">
        <ele>620.821534</ele>
        <time>2026-06-25T12:59:05.086Z</time>
      </trkpt>
      <trkpt lat="42.709996" lon="13.633652">
        <ele>628.216441</ele>
        <time>2026-06-25T13:01:17.028Z</time>
      </trkpt>
      <trkpt lat="42.709965" lon="13.633485">
        <ele>629.171316</ele>
        <time>2026-06-25T13:01:34.136Z</time>
      </trkpt>
      <trkpt lat="42.709834" lon="13.633064">
        <ele>631.705834</ele>
        <time>2026-06-25T13:02:18.434Z</time>
      </trkpt>
      <trkpt lat="42.709857" lon="13.632897">
        <ele>632.647747</ele>
        <time>2026-06-25T13:02:34.482Z</time>
      </trkpt>
      <trkpt lat="42.709911" lon="13.632857">
        <ele>633.111587</ele>
        <time>2026-06-25T13:02:42.378Z</time>
      </trkpt>
      <trkpt lat="42.709984" lon="13.632890">
        <ele>633.691922</ele>
        <time>2026-06-25T13:02:52.138Z</time>
      </trkpt>
      <trkpt lat="42.710024" lon="13.632908">
        <ele>634.009771</ele>
        <time>2026-06-25T13:02:57.363Z</time>
      </trkpt>
      <trkpt lat="42.710119" lon="13.632900">
        <ele>634.727866</ele>
        <time>2026-06-25T13:03:09.260Z</time>
      </trkpt>
      <trkpt lat="42.710183" lon="13.632850">
        <ele>635.284616</ele>
        <time>2026-06-25T13:03:18.390Z</time>
      </trkpt>
      <trkpt lat="42.710214" lon="13.632527">
        <ele>637.090418</ele>
        <time>2026-06-25T13:03:47.238Z</time>
      </trkpt>
      <trkpt lat="42.710203" lon="13.632374">
        <ele>637.614353</ele>
        <time>2026-06-25T13:04:00.497Z</time>
      </trkpt>
      <trkpt lat="42.710117" lon="13.632074">
        <ele>638.331156</ele>
        <time>2026-06-25T13:04:27.740Z</time>
      </trkpt>
      <trkpt lat="42.709893" lon="13.631802">
        <ele>639.240574</ele>
        <time>2026-06-25T13:05:01.655Z</time>
      </trkpt>
      <trkpt lat="42.709566" lon="13.631152">
        <ele>640.994063</ele>
        <time>2026-06-25T13:06:02.022Z</time>
      </trkpt>
      <trkpt lat="42.709494" lon="13.631149">
        <ele>641.212277</ele>
        <time>2026-06-25T13:06:09.658Z</time>
      </trkpt>
      <trkpt lat="42.709407" lon="13.631225">
        <ele>641.525455</ele>
        <time>2026-06-25T13:06:20.681Z</time>
      </trkpt>
      <trkpt lat="42.709299" lon="13.631037">
        <ele>642.056649</ele>
        <time>2026-06-25T13:06:39.481Z</time>
      </trkpt>
      <trkpt lat="42.709145" lon="13.630399">
        <ele>644.523958</ele>
        <time>2026-06-25T13:07:33.175Z</time>
      </trkpt>
      <trkpt lat="42.709146" lon="13.630268">
        <ele>645.215744</ele>
        <time>2026-06-25T13:07:44.035Z</time>
      </trkpt>
      <trkpt lat="42.709203" lon="13.630040">
        <ele>646.487476</ele>
        <time>2026-06-25T13:08:04.409Z</time>
      </trkpt>
      <trkpt lat="42.709173" lon="13.629956">
        <ele>646.980656</ele>
        <time>2026-06-25T13:08:12.537Z</time>
      </trkpt>
      <trkpt lat="42.709075" lon="13.629825">
        <ele>647.967819</ele>
        <time>2026-06-25T13:08:28.654Z</time>
      </trkpt>
      <trkpt lat="42.708993" lon="13.629634">
        <ele>649.135929</ele>
        <time>2026-06-25T13:08:48.171Z</time>
      </trkpt>
      <trkpt lat="42.708889" lon="13.629276">
        <ele>651.168735</ele>
        <time>2026-06-25T13:09:23.536Z</time>
      </trkpt>
      <trkpt lat="42.708759" lon="13.629125">
        <ele>652.396964</ele>
        <time>2026-06-25T13:09:45.986Z</time>
      </trkpt>
      <trkpt lat="42.708585" lon="13.628821">
        <ele>654.431783</ele>
        <time>2026-06-25T13:10:24.424Z</time>
      </trkpt>
      <trkpt lat="42.708562" lon="13.628722">
        <ele>654.980065</ele>
        <time>2026-06-25T13:10:34.920Z</time>
      </trkpt>
      <trkpt lat="42.708499" lon="13.628664">
        <ele>655.526666</ele>
        <time>2026-06-25T13:10:45.384Z</time>
      </trkpt>
      <trkpt lat="42.708371" lon="13.628722">
        <ele>657.256156</ele>
        <time>2026-06-25T13:11:04.486Z</time>
      </trkpt>
      <trkpt lat="42.708266" lon="13.628667">
        <ele>658.908953</ele>
        <time>2026-06-25T13:11:21.373Z</time>
      </trkpt>
      <trkpt lat="42.707777" lon="13.627755">
        <ele>671.095976</ele>
        <time>2026-06-25T13:13:38.168Z</time>
      </trkpt>
      <trkpt lat="42.707694" lon="13.627487">
        <ele>674.235424</ele>
        <time>2026-06-25T13:14:15.701Z</time>
      </trkpt>
      <trkpt lat="42.707673" lon="13.627311">
        <ele>676.160190</ele>
        <time>2026-06-25T13:14:39.097Z</time>
      </trkpt>
      <trkpt lat="42.707493" lon="13.626978">
        <ele>680.622672</ele>
        <time>2026-06-25T13:15:31.925Z</time>
      </trkpt>
      <trkpt lat="42.707455" lon="13.626884">
        <ele>681.780802</ele>
        <time>2026-06-25T13:15:45.318Z</time>
      </trkpt>
      <trkpt lat="42.707447" lon="13.626757">
        <ele>683.175273</ele>
        <time>2026-06-25T13:16:01.089Z</time>
      </trkpt>
      <trkpt lat="42.707090" lon="13.626256">
        <ele>690.853034</ele>
        <time>2026-06-25T13:17:23.998Z</time>
      </trkpt>
      <trkpt lat="42.706818" lon="13.625578">
        <ele>699.351412</ele>
        <time>2026-06-25T13:18:52.922Z</time>
      </trkpt>
      <trkpt lat="42.706654" lon="13.625168">
        <ele>704.487096</ele>
        <time>2026-06-25T13:19:47.525Z</time>
      </trkpt>
      <trkpt lat="42.706407" lon="13.624778">
        <ele>710.517097</ele>
        <time>2026-06-25T13:20:49.904Z</time>
      </trkpt>
      <trkpt lat="42.706242" lon="13.624230">
        <ele>719.341350</ele>
        <time>2026-06-25T13:22:08.978Z</time>
      </trkpt>
      <trkpt lat="42.706224" lon="13.624058">
        <ele>721.930074</ele>
        <time>2026-06-25T13:22:33.669Z</time>
      </trkpt>
      <trkpt lat="42.706114" lon="13.623622">
        <ele>728.798877</ele>
        <time>2026-06-25T13:23:42.424Z</time>
      </trkpt>
      <trkpt lat="42.706013" lon="13.623406">
        <ele>732.613704</ele>
        <time>2026-06-25T13:24:22.046Z</time>
      </trkpt>
      <trkpt lat="42.705973" lon="13.623334">
        <ele>733.958627</ele>
        <time>2026-06-25T13:24:36.164Z</time>
      </trkpt>
      <trkpt lat="42.705790" lon="13.623174">
        <ele>738.369189</ele>
        <time>2026-06-25T13:25:23.805Z</time>
      </trkpt>
      <trkpt lat="42.705586" lon="13.623055">
        <ele>742.869726</ele>
        <time>2026-06-25T13:26:12.591Z</time>
      </trkpt>
      <trkpt lat="42.705344" lon="13.622964">
        <ele>747.631088</ele>
        <time>2026-06-25T13:27:07.302Z</time>
      </trkpt>
      <trkpt lat="42.705205" lon="13.622781">
        <ele>751.007370</ele>
        <time>2026-06-25T13:27:50.658Z</time>
      </trkpt>
      <trkpt lat="42.705034" lon="13.622453">
        <ele>756.166450</ele>
        <time>2026-06-25T13:28:55.314Z</time>
      </trkpt>
      <trkpt lat="42.704966" lon="13.622355">
        <ele>757.895520</ele>
        <time>2026-06-25T13:29:15.713Z</time>
      </trkpt>
      <trkpt lat="42.704902" lon="13.622325">
        <ele>759.077201</ele>
        <time>2026-06-25T13:29:29.451Z</time>
      </trkpt>
      <trkpt lat="42.704835" lon="13.621865">
        <ele>765.093091</ele>
        <time>2026-06-25T13:30:32.904Z</time>
      </trkpt>
      <trkpt lat="42.704737" lon="13.621520">
        <ele>769.838064</ele>
        <time>2026-06-25T13:31:18.251Z</time>
      </trkpt>
      <trkpt lat="42.704660" lon="13.621226">
        <ele>773.842022</ele>
        <time>2026-06-25T13:31:52.261Z</time>
      </trkpt>
      <trkpt lat="42.704342" lon="13.620307">
        <ele>778.444454</ele>
        <time>2026-06-25T13:33:28.002Z</time>
      </trkpt>
      <trkpt lat="42.704336" lon="13.620003">
        <ele>779.018623</ele>
        <time>2026-06-25T13:33:52.860Z</time>
      </trkpt>
      <trkpt lat="42.704412" lon="13.619858">
        <ele>779.354888</ele>
        <time>2026-06-25T13:34:06.202Z</time>
      </trkpt>
      <trkpt lat="42.704585" lon="13.619119">
        <ele>780.819228</ele>
        <time>2026-06-25T13:35:04.845Z</time>
      </trkpt>
      <trkpt lat="42.704677" lon="13.619036">
        <ele>781.102825</ele>
        <time>2026-06-25T13:35:16.470Z</time>
      </trkpt>
      <trkpt lat="42.704760" lon="13.619025">
        <ele>781.317080</ele>
        <time>2026-06-25T13:35:25.149Z</time>
      </trkpt>
      <trkpt lat="42.704952" lon="13.619088">
        <ele>781.571739</ele>
        <time>2026-06-25T13:35:46.126Z</time>
      </trkpt>
      <trkpt lat="42.705172" lon="13.619033">
        <ele>781.465938</ele>
        <time>2026-06-25T13:36:10.139Z</time>
      </trkpt>
      <trkpt lat="42.705266" lon="13.618974">
        <ele>781.416975</ele>
        <time>2026-06-25T13:36:21.383Z</time>
      </trkpt>
      <trkpt lat="42.705244" lon="13.618847">
        <ele>781.371622</ele>
        <time>2026-06-25T13:36:31.674Z</time>
      </trkpt>
      <trkpt lat="42.705193" lon="13.618746">
        <ele>781.329027</ele>
        <time>2026-06-25T13:36:41.390Z</time>
      </trkpt>
      <trkpt lat="42.705148" lon="13.618570">
        <ele>781.264255</ele>
        <time>2026-06-25T13:36:55.992Z</time>
      </trkpt>
      <trkpt lat="42.705150" lon="13.618420">
        <ele>781.212109</ele>
        <time>2026-06-25T13:37:07.536Z</time>
      </trkpt>
      <trkpt lat="42.705193" lon="13.618378">
        <ele>781.187073</ele>
        <time>2026-06-25T13:37:12.926Z</time>
      </trkpt>
      <trkpt lat="42.705426" lon="13.618348">
        <ele>781.076373</ele>
        <time>2026-06-25T13:37:36.632Z</time>
      </trkpt>
      <trkpt lat="42.705762" lon="13.617701">
        <ele>780.800999</ele>
        <time>2026-06-25T13:38:40.704Z</time>
      </trkpt>
      <trkpt lat="42.705732" lon="13.617407">
        <ele>781.214420</ele>
        <time>2026-06-25T13:39:04.442Z</time>
      </trkpt>
      <trkpt lat="42.705433" lon="13.617024">
        <ele>782.626659</ele>
        <time>2026-06-25T13:39:48.944Z</time>
      </trkpt>
      <trkpt lat="42.705467" lon="13.616910">
        <ele>782.937599</ele>
        <time>2026-06-25T13:39:58.671Z</time>
      </trkpt>
      <trkpt lat="42.705604" lon="13.616845">
        <ele>783.436590</ele>
        <time>2026-06-25T13:40:14.625Z</time>
      </trkpt>
      <trkpt lat="42.706011" lon="13.616967">
        <ele>784.869916</ele>
        <time>2026-06-25T13:41:01.483Z</time>
      </trkpt>
      <trkpt lat="42.706169" lon="13.616902">
        <ele>785.437603</ele>
        <time>2026-06-25T13:41:19.987Z</time>
      </trkpt>
      <trkpt lat="42.706407" lon="13.616633">
        <ele>786.501646</ele>
        <time>2026-06-25T13:41:54.946Z</time>
      </trkpt>
      <trkpt lat="42.706748" lon="13.616129">
        <ele>790.324790</ele>
        <time>2026-06-25T13:42:54.243Z</time>
      </trkpt>
      <trkpt lat="42.706821" lon="13.615848">
        <ele>792.302394</ele>
        <time>2026-06-25T13:43:21.722Z</time>
      </trkpt>
      <trkpt lat="42.706835" lon="13.615649">
        <ele>793.628854</ele>
        <time>2026-06-25T13:43:40.617Z</time>
      </trkpt>
      <trkpt lat="42.706892" lon="13.615398">
        <ele>795.372026</ele>
        <time>2026-06-25T13:44:06.325Z</time>
      </trkpt>
      <trkpt lat="42.707136" lon="13.614939">
        <ele>799.130993</ele>
        <time>2026-06-25T13:45:04.219Z</time>
      </trkpt>
      <trkpt lat="42.707255" lon="13.614774">
        <ele>800.665018</ele>
        <time>2026-06-25T13:45:28.764Z</time>
      </trkpt>
      <trkpt lat="42.707324" lon="13.614758">
        <ele>801.297043</ele>
        <time>2026-06-25T13:45:38.992Z</time>
      </trkpt>
      <trkpt lat="42.707394" lon="13.614683">
        <ele>802.101510</ele>
        <time>2026-06-25T13:45:51.874Z</time>
      </trkpt>
      <trkpt lat="42.707416" lon="13.614568">
        <ele>802.889995</ele>
        <time>2026-06-25T13:46:04.382Z</time>
      </trkpt>
      <trkpt lat="42.707391" lon="13.614491">
        <ele>803.500687</ele>
        <time>2026-06-25T13:46:13.187Z</time>
      </trkpt>
      <trkpt lat="42.707313" lon="13.614410">
        <ele>804.563454</ele>
        <time>2026-06-25T13:46:27.029Z</time>
      </trkpt>
      <trkpt lat="42.707336" lon="13.614357">
        <ele>805.053377</ele>
        <time>2026-06-25T13:46:33.351Z</time>
      </trkpt>
      <trkpt lat="42.707402" lon="13.614279">
        <ele>806.000221</ele>
        <time>2026-06-25T13:46:45.405Z</time>
      </trkpt>
      <trkpt lat="42.707823" lon="13.614046">
        <ele>810.923068</ele>
        <time>2026-06-25T13:47:47.304Z</time>
      </trkpt>
      <trkpt lat="42.707910" lon="13.613926">
        <ele>812.264825</ele>
        <time>2026-06-25T13:48:04.071Z</time>
      </trkpt>
      <trkpt lat="42.708038" lon="13.613416">
        <ele>816.554355</ele>
        <time>2026-06-25T13:48:57.216Z</time>
      </trkpt>
      <trkpt lat="42.708231" lon="13.613023">
        <ele>820.316649</ele>
        <time>2026-06-25T13:49:44.155Z</time>
      </trkpt>
      <trkpt lat="42.708457" lon="13.612633">
        <ele>825.008066</ele>
        <time>2026-06-25T13:50:33.025Z</time>
      </trkpt>
      <trkpt lat="42.708707" lon="13.612075">
        <ele>832.609416</ele>
        <time>2026-06-25T13:51:40.807Z</time>
      </trkpt>
      <trkpt lat="42.708865" lon="13.611838">
        <ele>836.331390</ele>
        <time>2026-06-25T13:52:18.130Z</time>
      </trkpt>
      <trkpt lat="42.709092" lon="13.611717">
        <ele>840.190258</ele>
        <time>2026-06-25T13:52:59.234Z</time>
      </trkpt>
      <trkpt lat="42.709143" lon="13.611510">
        <ele>842.729590</ele>
        <time>2026-06-25T13:53:28.085Z</time>
      </trkpt>
      <trkpt lat="42.709306" lon="13.611242">
        <ele>846.775933</ele>
        <time>2026-06-25T13:54:16.871Z</time>
      </trkpt>
      <trkpt lat="42.709328" lon="13.611057">
        <ele>848.955643</ele>
        <time>2026-06-25T13:54:44.475Z</time>
      </trkpt>
      <trkpt lat="42.709256" lon="13.610778">
        <ele>853.251883</ele>
        <time>2026-06-25T13:55:29.997Z</time>
      </trkpt>
      <trkpt lat="42.709081" lon="13.610295">
        <ele>863.791239</ele>
        <time>2026-06-25T13:56:59.326Z</time>
      </trkpt>
      <trkpt lat="42.709134" lon="13.610030">
        <ele>869.166183</ele>
        <time>2026-06-25T13:57:48.130Z</time>
      </trkpt>
      <trkpt lat="42.709165" lon="13.609682">
        <ele>876.026693</ele>
        <time>2026-06-25T13:58:52.302Z</time>
      </trkpt>
      <trkpt lat="42.709126" lon="13.609396">
        <ele>881.719515</ele>
        <time>2026-06-25T13:59:46.336Z</time>
      </trkpt>
      <trkpt lat="42.709054" lon="13.609235">
        <ele>885.408088</ele>
        <time>2026-06-25T14:00:21.698Z</time>
      </trkpt>
      <trkpt lat="42.709008" lon="13.609058">
        <ele>889.082406</ele>
        <time>2026-06-25T14:00:56.787Z</time>
      </trkpt>
      <trkpt lat="42.709023" lon="13.608902">
        <ele>892.161489</ele>
        <time>2026-06-25T14:01:26.274Z</time>
      </trkpt>
      <trkpt lat="42.709000" lon="13.608788">
        <ele>894.475137</ele>
        <time>2026-06-25T14:01:48.529Z</time>
      </trkpt>
      <trkpt lat="42.708932" lon="13.608674">
        <ele>897.348783</ele>
        <time>2026-06-25T14:02:16.267Z</time>
      </trkpt>
      <trkpt lat="42.708680" lon="13.608502">
        <ele>905.046372</ele>
        <time>2026-06-25T14:03:28.161Z</time>
      </trkpt>
      <trkpt lat="42.708676" lon="13.608383">
        <ele>907.453554</ele>
        <time>2026-06-25T14:03:50.584Z</time>
      </trkpt>
      <trkpt lat="42.708733" lon="13.608133">
        <ele>912.742972</ele>
        <time>2026-06-25T14:04:39.491Z</time>
      </trkpt>
      <trkpt lat="42.708722" lon="13.607972">
        <ele>916.010375</ele>
        <time>2026-06-25T14:05:09.676Z</time>
      </trkpt>
      <trkpt lat="42.708748" lon="13.607806">
        <ele>919.440138</ele>
        <time>2026-06-25T14:05:41.215Z</time>
      </trkpt>
      <trkpt lat="42.708787" lon="13.607739">
        <ele>921.167349</ele>
        <time>2026-06-25T14:05:56.950Z</time>
      </trkpt>
      <trkpt lat="42.708779" lon="13.607676">
        <ele>922.459276</ele>
        <time>2026-06-25T14:06:08.558Z</time>
      </trkpt>
      <trkpt lat="42.708527" lon="13.607442">
        <ele>930.848764</ele>
        <time>2026-06-25T14:07:23.861Z</time>
      </trkpt>
      <trkpt lat="42.708046" lon="13.607396">
        <ele>944.108860</ele>
        <time>2026-06-25T14:09:18.871Z</time>
      </trkpt>
      <trkpt lat="42.708000" lon="13.607416">
        <ele>945.436850</ele>
        <time>2026-06-25T14:09:30.093Z</time>
      </trkpt>
      <trkpt lat="42.707962" lon="13.607333">
        <ele>947.412982</ele>
        <time>2026-06-25T14:09:46.774Z</time>
      </trkpt>
      <trkpt lat="42.708023" lon="13.607079">
        <ele>952.437941</ele>
        <time>2026-06-25T14:10:31.976Z</time>
      </trkpt>
      <trkpt lat="42.707996" lon="13.606829">
        <ele>957.099453</ele>
        <time>2026-06-25T14:11:14.222Z</time>
      </trkpt>
      <trkpt lat="42.708016" lon="13.606777">
        <ele>958.182202</ele>
        <time>2026-06-25T14:11:23.998Z</time>
      </trkpt>
      <trkpt lat="42.708183" lon="13.606746">
        <ele>962.413609</ele>
        <time>2026-06-25T14:12:02.763Z</time>
      </trkpt>
      <trkpt lat="42.708477" lon="13.606559">
        <ele>970.560948</ele>
        <time>2026-06-25T14:13:16.474Z</time>
      </trkpt>
      <trkpt lat="42.708519" lon="13.606487">
        <ele>972.256830</ele>
        <time>2026-06-25T14:13:31.807Z</time>
      </trkpt>
      <trkpt lat="42.708519" lon="13.606419">
        <ele>973.511274</ele>
        <time>2026-06-25T14:13:43.096Z</time>
      </trkpt>
      <trkpt lat="42.708477" lon="13.606378">
        <ele>974.808918</ele>
        <time>2026-06-25T14:13:54.879Z</time>
      </trkpt>
      <trkpt lat="42.708260" lon="13.606305">
        <ele>980.420745</ele>
        <time>2026-06-25T14:14:45.940Z</time>
      </trkpt>
      <trkpt lat="42.708130" lon="13.606315">
        <ele>983.689642</ele>
        <time>2026-06-25T14:15:15.877Z</time>
      </trkpt>
      <trkpt lat="42.707993" lon="13.606216">
        <ele>987.583887</ele>
        <time>2026-06-25T14:15:52.016Z</time>
      </trkpt>
      <trkpt lat="42.707958" lon="13.606133">
        <ele>989.349271</ele>
        <time>2026-06-25T14:16:08.488Z</time>
      </trkpt>
      <trkpt lat="42.707985" lon="13.606029">
        <ele>991.384072</ele>
        <time>2026-06-25T14:16:27.382Z</time>
      </trkpt>
      <trkpt lat="42.708058" lon="13.605977">
        <ele>993.452639</ele>
        <time>2026-06-25T14:16:46.750Z</time>
      </trkpt>
      <trkpt lat="42.708187" lon="13.605718">
        <ele>999.232048</ele>
        <time>2026-06-25T14:17:40.938Z</time>
      </trkpt>
      <trkpt lat="42.708115" lon="13.605666">
        <ele>1001.281080</ele>
        <time>2026-06-25T14:18:00.340Z</time>
      </trkpt>
      <trkpt lat="42.707878" lon="13.605603">
        <ele>1007.351404</ele>
        <time>2026-06-25T14:18:57.158Z</time>
      </trkpt>
      <trkpt lat="42.707821" lon="13.605541">
        <ele>1009.185731</ele>
        <time>2026-06-25T14:19:14.488Z</time>
      </trkpt>
      <trkpt lat="42.707790" lon="13.605302">
        <ele>1013.668797</ele>
        <time>2026-06-25T14:19:55.996Z</time>
      </trkpt>
      <trkpt lat="42.707802" lon="13.605172">
        <ele>1016.089035</ele>
        <time>2026-06-25T14:20:18.133Z</time>
      </trkpt>
      <trkpt lat="42.707951" lon="13.605063">
        <ele>1020.341485</ele>
        <time>2026-06-25T14:20:56.555Z</time>
      </trkpt>
      <trkpt lat="42.708286" lon="13.604611">
        <ele>1032.200187</ele>
        <time>2026-06-25T14:22:43.017Z</time>
      </trkpt>
      <trkpt lat="42.708348" lon="13.604590">
        <ele>1033.806298</ele>
        <time>2026-06-25T14:22:57.171Z</time>
      </trkpt>
      <trkpt lat="42.708413" lon="13.604679">
        <ele>1036.124185</ele>
        <time>2026-06-25T14:23:18.019Z</time>
      </trkpt>
      <trkpt lat="42.708485" lon="13.604694">
        <ele>1037.955214</ele>
        <time>2026-06-25T14:23:34.663Z</time>
      </trkpt>
      <trkpt lat="42.708539" lon="13.604668">
        <ele>1039.475188</ele>
        <time>2026-06-25T14:23:47.661Z</time>
      </trkpt>
      <trkpt lat="42.708466" lon="13.604627">
        <ele>1041.767326</ele>
        <time>2026-06-25T14:24:05.636Z</time>
      </trkpt>
      <trkpt lat="42.708569" lon="13.604627">
        <ele>1044.756849</ele>
        <time>2026-06-25T14:24:29.429Z</time>
      </trkpt>
      <trkpt lat="42.708600" lon="13.604585">
        <ele>1046.026475</ele>
        <time>2026-06-25T14:24:39.422Z</time>
      </trkpt>
      <trkpt lat="42.708706" lon="13.604559">
        <ele>1049.152645</ele>
        <time>2026-06-25T14:25:04.825Z</time>
      </trkpt>
      <trkpt lat="42.708730" lon="13.604491">
        <ele>1050.761534</ele>
        <time>2026-06-25T14:25:17.856Z</time>
      </trkpt>
      <trkpt lat="42.708718" lon="13.604388">
        <ele>1052.985710</ele>
        <time>2026-06-25T14:25:35.942Z</time>
      </trkpt>
      <trkpt lat="42.708880" lon="13.604270">
        <ele>1058.318816</ele>
        <time>2026-06-25T14:26:20.373Z</time>
      </trkpt>
      <trkpt lat="42.708875" lon="13.604199">
        <ele>1059.840005</ele>
        <time>2026-06-25T14:26:33.208Z</time>
      </trkpt>
      <trkpt lat="42.708736" lon="13.604097">
        <ele>1064.423543</ele>
        <time>2026-06-25T14:27:12.469Z</time>
      </trkpt>
      <trkpt lat="42.708608" lon="13.603829">
        <ele>1071.240610</ele>
        <time>2026-06-25T14:28:12.546Z</time>
      </trkpt>
      <trkpt lat="42.708388" lon="13.603703">
        <ele>1078.168429</ele>
        <time>2026-06-25T14:29:16.349Z</time>
      </trkpt>
      <trkpt lat="42.708122" lon="13.603499">
        <ele>1087.030498</ele>
        <time>2026-06-25T14:30:41.468Z</time>
      </trkpt>
      <trkpt lat="42.708157" lon="13.603278">
        <ele>1091.935580</ele>
        <time>2026-06-25T14:31:28.196Z</time>
      </trkpt>
      <trkpt lat="42.708047" lon="13.603073">
        <ele>1097.935814</ele>
        <time>2026-06-25T14:32:21.886Z</time>
      </trkpt>
      <trkpt lat="42.707850" lon="13.602876">
        <ele>1105.799953</ele>
        <time>2026-06-25T14:33:32.623Z</time>
      </trkpt>
      <trkpt lat="42.707781" lon="13.602695">
        <ele>1110.619934</ele>
        <time>2026-06-25T14:34:15.627Z</time>
      </trkpt>
      <trkpt lat="42.707648" lon="13.602561">
        <ele>1115.943264</ele>
        <time>2026-06-25T14:35:02.575Z</time>
      </trkpt>
      <trkpt lat="42.707584" lon="13.602388">
        <ele>1120.521667</ele>
        <time>2026-06-25T14:35:42.626Z</time>
      </trkpt>
      <trkpt lat="42.707375" lon="13.602239">
        <ele>1128.111570</ele>
        <time>2026-06-25T14:36:48.419Z</time>
      </trkpt>
      <trkpt lat="42.707400" lon="13.602051">
        <ele>1132.627741</ele>
        <time>2026-06-25T14:37:27.208Z</time>
      </trkpt>
      <trkpt lat="42.707495" lon="13.601917">
        <ele>1137.029143</ele>
        <time>2026-06-25T14:38:04.493Z</time>
      </trkpt>
      <trkpt lat="42.707956" lon="13.601606">
        <ele>1152.370038</ele>
        <time>2026-06-25T14:40:18.620Z</time>
      </trkpt>
      <trkpt lat="42.708066" lon="13.601392">
        <ele>1156.932085</ele>
        <time>2026-06-25T14:41:05.887Z</time>
      </trkpt>
      <trkpt lat="42.707999" lon="13.601134">
        <ele>1161.712078</ele>
        <time>2026-06-25T14:41:53.704Z</time>
      </trkpt>
      <trkpt lat="42.708318" lon="13.600549">
        <ele>1174.437416</ele>
        <time>2026-06-25T14:43:50.136Z</time>
      </trkpt>
      <trkpt lat="42.708496" lon="13.600506">
        <ele>1178.735031</ele>
        <time>2026-06-25T14:44:28.021Z</time>
      </trkpt>
      <trkpt lat="42.708657" lon="13.600592">
        <ele>1182.846635</ele>
        <time>2026-06-25T14:45:03.896Z</time>
      </trkpt>
      <trkpt lat="42.708685" lon="13.600136">
        <ele>1190.839874</ele>
        <time>2026-06-25T14:46:10.696Z</time>
      </trkpt>
      <trkpt lat="42.708602" lon="13.599830">
        <ele>1196.104286</ele>
        <time>2026-06-25T14:46:56.814Z</time>
      </trkpt>
      <trkpt lat="42.708653" lon="13.599578">
        <ele>1200.261185</ele>
        <time>2026-06-25T14:47:33.508Z</time>
      </trkpt>
      <trkpt lat="42.708712" lon="13.599063">
        <ele>1208.550411</ele>
        <time>2026-06-25T14:48:47.600Z</time>
      </trkpt>
      <trkpt lat="42.708669" lon="13.598575">
        <ele>1216.366898</ele>
        <time>2026-06-25T14:50:01.474Z</time>
      </trkpt>
      <trkpt lat="42.708496" lon="13.598505">
        <ele>1220.273112</ele>
        <time>2026-06-25T14:50:40.587Z</time>
      </trkpt>
      <trkpt lat="42.708519" lon="13.598404">
        <ele>1221.954731</ele>
        <time>2026-06-25T14:50:57.997Z</time>
      </trkpt>
      <trkpt lat="42.708539" lon="13.597969">
        <ele>1228.886282</ele>
        <time>2026-06-25T14:52:10.247Z</time>
      </trkpt>
      <trkpt lat="42.708579" lon="13.597948">
        <ele>1229.814184</ele>
        <time>2026-06-25T14:52:19.937Z</time>
      </trkpt>
      <trkpt lat="42.708586" lon="13.597824">
        <ele>1231.944700</ele>
        <time>2026-06-25T14:52:40.850Z</time>
      </trkpt>
      <trkpt lat="42.708381" lon="13.597620">
        <ele>1238.161563</ele>
        <time>2026-06-25T14:53:39.758Z</time>
      </trkpt>
      <trkpt lat="42.708090" lon="13.597674">
        <ele>1245.351077</ele>
        <time>2026-06-25T14:54:49.143Z</time>
      </trkpt>
      <trkpt lat="42.708003" lon="13.597577">
        <ele>1248.104307</ele>
        <time>2026-06-25T14:55:15.759Z</time>
      </trkpt>
      <trkpt lat="42.708003" lon="13.597443">
        <ele>1250.514721</ele>
        <time>2026-06-25T14:55:39.184Z</time>
      </trkpt>
      <trkpt lat="42.707893" lon="13.597341">
        <ele>1253.773167</ele>
        <time>2026-06-25T14:56:10.564Z</time>
      </trkpt>
      <trkpt lat="42.707660" lon="13.597331">
        <ele>1259.479773</ele>
        <time>2026-06-25T14:57:04.529Z</time>
      </trkpt>
      <trkpt lat="42.707372" lon="13.597429">
        <ele>1266.746982</ele>
        <time>2026-06-25T14:58:11.950Z</time>
      </trkpt>
      <trkpt lat="42.707278" lon="13.597387">
        <ele>1269.168928</ele>
        <time>2026-06-25T14:58:33.739Z</time>
      </trkpt>
      <trkpt lat="42.707163" lon="13.597175">
        <ele>1273.908996</ele>
        <time>2026-06-25T14:59:15.716Z</time>
      </trkpt>
      <trkpt lat="42.707078" lon="13.597072">
        <ele>1276.445982</ele>
        <time>2026-06-25T14:59:39.771Z</time>
      </trkpt>
      <trkpt lat="42.706850" lon="13.596960">
        <ele>1281.654312</ele>
        <time>2026-06-25T15:00:29.893Z</time>
      </trkpt>
      <trkpt lat="42.706794" lon="13.596805">
        <ele>1284.381416</ele>
        <time>2026-06-25T15:00:55.859Z</time>
      </trkpt>
      <trkpt lat="42.706593" lon="13.596585">
        <ele>1289.923789</ele>
        <time>2026-06-25T15:01:48.049Z</time>
      </trkpt>
      <trkpt lat="42.706557" lon="13.596478">
        <ele>1291.781885</ele>
        <time>2026-06-25T15:02:05.399Z</time>
      </trkpt>
      <trkpt lat="42.706516" lon="13.596433">
        <ele>1292.913652</ele>
        <time>2026-06-25T15:02:16.215Z</time>
      </trkpt>
      <trkpt lat="42.706248" lon="13.596312">
        <ele>1298.980703</ele>
        <time>2026-06-25T15:03:13.422Z</time>
      </trkpt>
      <trkpt lat="42.706120" lon="13.596167">
        <ele>1302.559188</ele>
        <time>2026-06-25T15:03:48.082Z</time>
      </trkpt>
      <trkpt lat="42.706003" lon="13.596122">
        <ele>1305.171594</ele>
        <time>2026-06-25T15:04:14.493Z</time>
      </trkpt>
      <trkpt lat="42.705858" lon="13.595970">
        <ele>1309.104343</ele>
        <time>2026-06-25T15:04:53.433Z</time>
      </trkpt>
      <trkpt lat="42.705585" lon="13.595560">
        <ele>1316.382528</ele>
        <time>2026-06-25T15:06:19.129Z</time>
      </trkpt>
      <trkpt lat="42.705515" lon="13.595370">
        <ele>1318.659989</ele>
        <time>2026-06-25T15:06:50.696Z</time>
      </trkpt>
      <trkpt lat="42.705479" lon="13.595282">
        <ele>1319.739212</ele>
        <time>2026-06-25T15:07:04.871Z</time>
      </trkpt>
      <trkpt lat="42.705311" lon="13.595055">
        <ele>1323.191413</ele>
        <time>2026-06-25T15:07:50.118Z</time>
      </trkpt>
      <trkpt lat="42.705129" lon="13.594880">
        <ele>1326.440936</ele>
        <time>2026-06-25T15:08:28.971Z</time>
      </trkpt>
      <trkpt lat="42.704924" lon="13.594922">
        <ele>1329.463875</ele>
        <time>2026-06-25T15:09:03.005Z</time>
      </trkpt>
      <trkpt lat="42.704546" lon="13.594898">
        <ele>1334.981759</ele>
        <time>2026-06-25T15:09:55.523Z</time>
      </trkpt>
      <trkpt lat="42.704398" lon="13.594857">
        <ele>1337.184117</ele>
        <time>2026-06-25T15:10:15.142Z</time>
      </trkpt>
      <trkpt lat="42.704328" lon="13.594810">
        <ele>1338.322323</ele>
        <time>2026-06-25T15:10:24.984Z</time>
      </trkpt>
      <trkpt lat="42.704398" lon="13.594857">
        <ele>1339.460530</ele>
        <time>2026-06-25T15:10:34.407Z</time>
      </trkpt>
      <trkpt lat="42.704308" lon="13.594909">
        <ele>1339.803910</ele>
        <time>2026-06-25T15:10:45.818Z</time>
      </trkpt>
      <trkpt lat="42.704119" lon="13.595098">
        <ele>1340.491738</ele>
        <time>2026-06-25T15:11:12.393Z</time>
      </trkpt>
      <trkpt lat="42.704012" lon="13.595086">
        <ele>1340.806590</ele>
        <time>2026-06-25T15:11:24.155Z</time>
      </trkpt>
      <trkpt lat="42.703802" lon="13.595179">
        <ele>1341.454230</ele>
        <time>2026-06-25T15:11:48.151Z</time>
      </trkpt>
      <trkpt lat="42.703778" lon="13.595231">
        <ele>1341.586563</ele>
        <time>2026-06-25T15:11:53.051Z</time>
      </trkpt>
      <trkpt lat="42.703630" lon="13.595295">
        <ele>1342.041977</ele>
        <time>2026-06-25T15:12:09.888Z</time>
      </trkpt>
      <trkpt lat="42.703531" lon="13.595388">
        <ele>1342.394766</ele>
        <time>2026-06-25T15:12:22.930Z</time>
      </trkpt>
      <trkpt lat="42.703450" lon="13.595548">
        <ele>1342.813482</ele>
        <time>2026-06-25T15:12:38.560Z</time>
      </trkpt>
      <trkpt lat="42.703351" lon="13.595542">
        <ele>1343.104098</ele>
        <time>2026-06-25T15:12:49.469Z</time>
      </trkpt>
      <trkpt lat="42.703236" lon="13.595605">
        <ele>1343.467651</ele>
        <time>2026-06-25T15:13:02.909Z</time>
      </trkpt>
      <trkpt lat="42.703148" lon="13.595749">
        <ele>1343.871270</ele>
        <time>2026-06-25T15:13:17.458Z</time>
      </trkpt>
      <trkpt lat="42.702889" lon="13.596025">
        <ele>1344.792686</ele>
        <time>2026-06-25T15:13:51.452Z</time>
      </trkpt>
      <trkpt lat="42.702845" lon="13.596155">
        <ele>1344.653695</ele>
        <time>2026-06-25T15:14:02.132Z</time>
      </trkpt>
      <trkpt lat="42.702750" lon="13.596248">
        <ele>1344.499045</ele>
        <time>2026-06-25T15:14:13.844Z</time>
      </trkpt>
      <trkpt lat="42.702537" lon="13.596505">
        <ele>1344.122860</ele>
        <time>2026-06-25T15:14:42.701Z</time>
      </trkpt>
      <trkpt lat="42.702082" lon="13.596823">
        <ele>1343.446924</ele>
        <time>2026-06-25T15:15:35.722Z</time>
      </trkpt>
      <trkpt lat="42.701945" lon="13.596862">
        <ele>1343.261965</ele>
        <time>2026-06-25T15:15:50.498Z</time>
      </trkpt>
      <trkpt lat="42.701900" lon="13.596895">
        <ele>1343.194413</ele>
        <time>2026-06-25T15:15:55.988Z</time>
      </trkpt>
      <trkpt lat="42.701882" lon="13.596945">
        <ele>1343.140343</ele>
        <time>2026-06-25T15:16:00.304Z</time>
      </trkpt>
      <trkpt lat="42.701752" lon="13.596999">
        <ele>1342.960727</ele>
        <time>2026-06-25T15:16:14.923Z</time>
      </trkpt>
      <trkpt lat="42.701089" lon="13.597109">
        <ele>1343.007633</ele>
        <time>2026-06-25T15:17:25.898Z</time>
      </trkpt>
      <trkpt lat="42.700590" lon="13.597292">
        <ele>1344.132270</ele>
        <time>2026-06-25T15:18:20.789Z</time>
      </trkpt>
      <trkpt lat="42.700474" lon="13.597460">
        <ele>1344.500926</ele>
        <time>2026-06-25T15:18:40.001Z</time>
      </trkpt>
      <trkpt lat="42.700237" lon="13.597734">
        <ele>1345.177689</ele>
        <time>2026-06-25T15:19:16.388Z</time>
      </trkpt>
      <trkpt lat="42.700213" lon="13.597846">
        <ele>1345.364266</ele>
        <time>2026-06-25T15:19:26.590Z</time>
      </trkpt>
      <trkpt lat="42.700123" lon="13.598041">
        <ele>1345.732522</ele>
        <time>2026-06-25T15:19:46.785Z</time>
      </trkpt>
      <trkpt lat="42.700021" lon="13.598881">
        <ele>1345.662542</ele>
        <time>2026-06-25T15:20:59.072Z</time>
      </trkpt>
      <trkpt lat="42.699968" lon="13.599096">
        <ele>1345.333636</ele>
        <time>2026-06-25T15:21:16.896Z</time>
      </trkpt>
      <trkpt lat="42.699834" lon="13.599425">
        <ele>1344.788079</ele>
        <time>2026-06-25T15:21:44.851Z</time>
      </trkpt>
      <trkpt lat="42.699475" lon="13.599909">
        <ele>1343.790703</ele>
        <time>2026-06-25T15:22:39.596Z</time>
      </trkpt>
      <trkpt lat="42.699276" lon="13.600098">
        <ele>1343.311763</ele>
        <time>2026-06-25T15:23:06.886Z</time>
      </trkpt>
      <trkpt lat="42.699020" lon="13.600409">
        <ele>1342.004168</ele>
        <time>2026-06-25T15:23:45.939Z</time>
      </trkpt>
      <trkpt lat="42.698878" lon="13.600503">
        <ele>1340.458848</ele>
        <time>2026-06-25T15:24:03.898Z</time>
      </trkpt>
      <trkpt lat="42.698598" lon="13.600530">
        <ele>1337.711923</ele>
        <time>2026-06-25T15:24:36.033Z</time>
      </trkpt>
      <trkpt lat="42.698340" lon="13.600680">
        <ele>1334.966338</ele>
        <time>2026-06-25T15:25:09.907Z</time>
      </trkpt>
      <trkpt lat="42.698150" lon="13.600688">
        <ele>1333.106127</ele>
        <time>2026-06-25T15:25:33.160Z</time>
      </trkpt>
      <trkpt lat="42.697786" lon="13.600589">
        <ele>1329.473594</ele>
        <time>2026-06-25T15:26:18.782Z</time>
      </trkpt>
      <trkpt lat="42.697655" lon="13.600583">
        <ele>1328.190914</ele>
        <time>2026-06-25T15:26:34.911Z</time>
      </trkpt>
      <trkpt lat="42.697686" lon="13.600853">
        <ele>1326.225501</ele>
        <time>2026-06-25T15:26:59.569Z</time>
      </trkpt>
      <trkpt lat="42.697668" lon="13.600981">
        <ele>1325.288215</ele>
        <time>2026-06-25T15:27:11.229Z</time>
      </trkpt>
      <trkpt lat="42.697548" lon="13.601071">
        <ele>1324.734627</ele>
        <time>2026-06-25T15:27:28.110Z</time>
      </trkpt>
      <trkpt lat="42.697447" lon="13.601105">
        <ele>1324.360302</ele>
        <time>2026-06-25T15:27:40.778Z</time>
      </trkpt>
      <trkpt lat="42.697004" lon="13.601084">
        <ele>1322.765547</ele>
        <time>2026-06-25T15:28:34.237Z</time>
      </trkpt>
      <trkpt lat="42.696972" lon="13.601113">
        <ele>1322.627221</ele>
        <time>2026-06-25T15:28:38.960Z</time>
      </trkpt>
      <trkpt lat="42.696840" lon="13.601234">
        <ele>1322.054603</ele>
        <time>2026-06-25T15:28:57.743Z</time>
      </trkpt>
      <trkpt lat="42.696726" lon="13.601388">
        <ele>1321.476653</ele>
        <time>2026-06-25T15:29:15.735Z</time>
      </trkpt>
      <trkpt lat="42.696670" lon="13.601445">
        <ele>1321.225045</ele>
        <time>2026-06-25T15:29:22.997Z</time>
      </trkpt>
      <trkpt lat="42.696700" lon="13.601519">
        <ele>1321.001584</ele>
        <time>2026-06-25T15:29:29.733Z</time>
      </trkpt>
      <trkpt lat="42.696772" lon="13.601592">
        <ele>1320.678540</ele>
        <time>2026-06-25T15:29:38.808Z</time>
      </trkpt>
      <trkpt lat="42.696700" lon="13.601519">
        <ele>1320.355496</ele>
        <time>2026-06-25T15:29:47.837Z</time>
      </trkpt>
      <trkpt lat="42.696670" lon="13.601445">
        <ele>1320.132035</ele>
        <time>2026-06-25T15:29:54.953Z</time>
      </trkpt>
      <trkpt lat="42.696726" lon="13.601388">
        <ele>1319.880427</ele>
        <time>2026-06-25T15:30:02.384Z</time>
      </trkpt>
      <trkpt lat="42.696840" lon="13.601234">
        <ele>1319.302477</ele>
        <time>2026-06-25T15:30:21.760Z</time>
      </trkpt>
      <trkpt lat="42.696972" lon="13.601113">
        <ele>1318.729859</ele>
        <time>2026-06-25T15:30:42.541Z</time>
      </trkpt>
      <trkpt lat="42.697004" lon="13.601084">
        <ele>1319.084545</ele>
        <time>2026-06-25T15:30:48.068Z</time>
      </trkpt>
      <trkpt lat="42.697447" lon="13.601105">
        <ele>1323.546592</ele>
        <time>2026-06-25T15:31:47.839Z</time>
      </trkpt>
      <trkpt lat="42.697548" lon="13.601071">
        <ele>1324.593935</ele>
        <time>2026-06-25T15:32:02.133Z</time>
      </trkpt>
      <trkpt lat="42.697668" lon="13.600981">
        <ele>1325.973235</ele>
        <time>2026-06-25T15:32:21.729Z</time>
      </trkpt>
      <trkpt lat="42.697686" lon="13.600853">
        <ele>1326.937370</ele>
        <time>2026-06-25T15:32:34.806Z</time>
      </trkpt>
      <trkpt lat="42.697655" lon="13.600583">
        <ele>1328.959085</ele>
        <time>2026-06-25T15:33:03.020Z</time>
      </trkpt>
      <trkpt lat="42.697786" lon="13.600589">
        <ele>1330.278508</ele>
        <time>2026-06-25T15:33:21.651Z</time>
      </trkpt>
      <trkpt lat="42.698150" lon="13.600688">
        <ele>1334.015100</ele>
        <time>2026-06-25T15:34:13.786Z</time>
      </trkpt>
      <trkpt lat="42.698340" lon="13.600680">
        <ele>1335.928600</ele>
        <time>2026-06-25T15:34:40.402Z</time>
      </trkpt>
      <trkpt lat="42.698598" lon="13.600530">
        <ele>1337.935842</ele>
        <time>2026-06-25T15:35:18.309Z</time>
      </trkpt>
      <trkpt lat="42.698878" lon="13.600503">
        <ele>1339.562811</ele>
        <time>2026-06-25T15:35:53.298Z</time>
      </trkpt>
      <trkpt lat="42.699020" lon="13.600409">
        <ele>1340.478085</ele>
        <time>2026-06-25T15:36:12.749Z</time>
      </trkpt>
      <trkpt lat="42.699276" lon="13.600098">
        <ele>1342.467212</ele>
        <time>2026-06-25T15:36:55.135Z</time>
      </trkpt>
      <trkpt lat="42.699475" lon="13.599909">
        <ele>1343.873810</ele>
        <time>2026-06-25T15:37:24.536Z</time>
      </trkpt>
      <trkpt lat="42.699834" lon="13.599425">
        <ele>1346.802998</ele>
        <time>2026-06-25T15:38:22.242Z</time>
      </trkpt>
      <trkpt lat="42.699968" lon="13.599096">
        <ele>1346.742466</ele>
        <time>2026-06-25T15:38:50.417Z</time>
      </trkpt>
      <trkpt lat="42.700021" lon="13.598881">
        <ele>1346.315722</ele>
        <time>2026-06-25T15:39:07.753Z</time>
      </trkpt>
      <trkpt lat="42.700123" lon="13.598041">
        <ele>1344.713568</ele>
        <time>2026-06-25T15:40:16.063Z</time>
      </trkpt>
      <trkpt lat="42.700213" lon="13.597846">
        <ele>1344.280252</ele>
        <time>2026-06-25T15:40:34.908Z</time>
      </trkpt>
      <trkpt lat="42.700237" lon="13.597734">
        <ele>1344.060713</ele>
        <time>2026-06-25T15:40:44.420Z</time>
      </trkpt>
      <trkpt lat="42.700474" lon="13.597460">
        <ele>1343.264386</ele>
        <time>2026-06-25T15:41:18.609Z</time>
      </trkpt>
      <trkpt lat="42.700590" lon="13.597292">
        <ele>1342.830599</ele>
        <time>2026-06-25T15:41:36.886Z</time>
      </trkpt>
      <trkpt lat="42.701089" lon="13.597109">
        <ele>1343.097323</ele>
        <time>2026-06-25T15:42:30.492Z</time>
      </trkpt>
      <trkpt lat="42.701752" lon="13.596999">
        <ele>1343.774369</ele>
        <time>2026-06-25T15:43:44.452Z</time>
      </trkpt>
      <trkpt lat="42.701882" lon="13.596945">
        <ele>1343.912150</ele>
        <time>2026-06-25T15:43:59.790Z</time>
      </trkpt>
      <trkpt lat="42.701900" lon="13.596895">
        <ele>1343.953626</ele>
        <time>2026-06-25T15:44:04.285Z</time>
      </trkpt>
      <trkpt lat="42.701945" lon="13.596862">
        <ele>1344.005444</ele>
        <time>2026-06-25T15:44:10.009Z</time>
      </trkpt>
      <trkpt lat="42.702082" lon="13.596823">
        <ele>1344.147324</ele>
        <time>2026-06-25T15:44:25.332Z</time>
      </trkpt>
      <trkpt lat="42.702537" lon="13.596505">
        <ele>1344.409061</ele>
        <time>2026-06-25T15:45:19.642Z</time>
      </trkpt>
      <trkpt lat="42.702750" lon="13.596248">
        <ele>1344.319989</ele>
        <time>2026-06-25T15:45:48.751Z</time>
      </trkpt>
      <trkpt lat="42.702845" lon="13.596155">
        <ele>1344.283372</ele>
        <time>2026-06-25T15:46:00.442Z</time>
      </trkpt>
      <trkpt lat="42.702889" lon="13.596025">
        <ele>1344.250462</ele>
        <time>2026-06-25T15:46:11.065Z</time>
      </trkpt>
      <trkpt lat="42.703148" lon="13.595749">
        <ele>1344.147531</ele>
        <time>2026-06-25T15:46:44.624Z</time>
      </trkpt>
      <trkpt lat="42.703236" lon="13.595605">
        <ele>1344.104468</ele>
        <time>2026-06-25T15:46:58.831Z</time>
      </trkpt>
      <trkpt lat="42.703351" lon="13.595542">
        <ele>1344.065679</ele>
        <time>2026-06-25T15:47:11.853Z</time>
      </trkpt>
      <trkpt lat="42.703450" lon="13.595548">
        <ele>1344.034672</ele>
        <time>2026-06-25T15:47:22.329Z</time>
      </trkpt>
      <trkpt lat="42.703531" lon="13.595388">
        <ele>1343.989998</ele>
        <time>2026-06-25T15:47:37.412Z</time>
      </trkpt>
      <trkpt lat="42.703630" lon="13.595295">
        <ele>1343.952358</ele>
        <time>2026-06-25T15:47:49.996Z</time>
      </trkpt>
      <trkpt lat="42.703778" lon="13.595231">
        <ele>1343.933245</ele>
        <time>2026-06-25T15:48:06.044Z</time>
      </trkpt>
      <trkpt lat="42.703802" lon="13.595179">
        <ele>1344.054389</ele>
        <time>2026-06-25T15:48:10.669Z</time>
      </trkpt>
      <trkpt lat="42.704012" lon="13.595086">
        <ele>1344.647268</ele>
        <time>2026-06-25T15:48:32.847Z</time>
      </trkpt>
      <trkpt lat="42.704119" lon="13.595098">
        <ele>1344.935499</ele>
        <time>2026-06-25T15:48:43.936Z</time>
      </trkpt>
      <trkpt lat="42.704308" lon="13.594909">
        <ele>1345.565168</ele>
        <time>2026-06-25T15:49:09.133Z</time>
      </trkpt>
      <trkpt lat="42.704398" lon="13.594857">
        <ele>1345.827663</ele>
        <time>2026-06-25T15:49:19.890Z</time>
      </trkpt>
      <trkpt lat="42.704328" lon="13.594810">
        <ele>1346.037218</ele>
        <time>2026-06-25T15:49:28.653Z</time>
      </trkpt>
      <trkpt lat="42.704466" lon="13.594679">
        <ele>1346.488936</ele>
        <time>2026-06-25T15:49:47.753Z</time>
      </trkpt>
      <trkpt lat="42.704698" lon="13.594476">
        <ele>1347.229419</ele>
        <time>2026-06-25T15:50:19.758Z</time>
      </trkpt>
      <trkpt lat="42.705397" lon="13.594082">
        <ele>1349.772380</ele>
        <time>2026-06-25T15:51:48.312Z</time>
      </trkpt>
      <trkpt lat="42.705771" lon="13.593706">
        <ele>1352.237556</ele>
        <time>2026-06-25T15:52:40.184Z</time>
      </trkpt>
      <trkpt lat="42.706132" lon="13.593513">
        <ele>1354.293805</ele>
        <time>2026-06-25T15:53:24.470Z</time>
      </trkpt>
      <trkpt lat="42.706395" lon="13.593065">
        <ele>1356.527673</ele>
        <time>2026-06-25T15:54:13.509Z</time>
      </trkpt>
      <trkpt lat="42.706479" lon="13.592972">
        <ele>1357.101766</ele>
        <time>2026-06-25T15:54:26.324Z</time>
      </trkpt>
      <trkpt lat="42.708074" lon="13.592069">
        <ele>1371.711309</ele>
        <time>2026-06-25T15:58:15.236Z</time>
      </trkpt>
      <trkpt lat="42.708176" lon="13.591965">
        <ele>1372.848034</ele>
        <time>2026-06-25T15:58:31.973Z</time>
      </trkpt>
      <trkpt lat="42.708292" lon="13.591782">
        <ele>1374.385032</ele>
        <time>2026-06-25T15:58:54.779Z</time>
      </trkpt>
      <trkpt lat="42.708612" lon="13.591147">
        <ele>1377.443933</ele>
        <time>2026-06-25T16:00:05.469Z</time>
      </trkpt>
      <trkpt lat="42.708780" lon="13.590917">
        <ele>1378.732280</ele>
        <time>2026-06-25T16:00:34.123Z</time>
      </trkpt>
      <trkpt lat="42.708987" lon="13.590632">
        <ele>1380.324240</ele>
        <time>2026-06-25T16:01:08.732Z</time>
      </trkpt>
      <trkpt lat="42.709206" lon="13.590390">
        <ele>1381.849399</ele>
        <time>2026-06-25T16:01:41.206Z</time>
      </trkpt>
      <trkpt lat="42.709303" lon="13.590336">
        <ele>1382.416000</ele>
        <time>2026-06-25T16:01:52.996Z</time>
      </trkpt>
      <trkpt lat="42.710056" lon="13.590143">
        <ele>1385.369149</ele>
        <time>2026-06-25T16:03:16.792Z</time>
      </trkpt>
      <trkpt lat="42.710322" lon="13.589996">
        <ele>1386.189143</ele>
        <time>2026-06-25T16:03:47.465Z</time>
      </trkpt>
      <trkpt lat="42.710604" lon="13.589734">
        <ele>1387.164377</ele>
        <time>2026-06-25T16:04:23.878Z</time>
      </trkpt>
      <trkpt lat="42.710797" lon="13.589395">
        <ele>1388.064397</ele>
        <time>2026-06-25T16:04:58.324Z</time>
      </trkpt>
      <trkpt lat="42.711209" lon="13.589011">
        <ele>1389.931733</ele>
        <time>2026-06-25T16:05:54.171Z</time>
      </trkpt>
      <trkpt lat="42.711377" lon="13.588799">
        <ele>1391.498365</ele>
        <time>2026-06-25T16:06:20.940Z</time>
      </trkpt>
      <trkpt lat="42.711439" lon="13.588756">
        <ele>1391.974199</ele>
        <time>2026-06-25T16:06:29.206Z</time>
      </trkpt>
      <trkpt lat="42.711801" lon="13.588654">
        <ele>1394.502063</ele>
        <time>2026-06-25T16:07:13.964Z</time>
      </trkpt>
      <trkpt lat="42.711896" lon="13.588597">
        <ele>1395.212005</ele>
        <time>2026-06-25T16:07:26.820Z</time>
      </trkpt>
      <trkpt lat="42.712763" lon="13.587832">
        <ele>1402.562489</ele>
        <time>2026-06-25T16:09:39.998Z</time>
      </trkpt>
      <trkpt lat="42.713485" lon="13.587255">
        <ele>1410.316777</ele>
        <time>2026-06-25T16:11:29.228Z</time>
      </trkpt>
      <trkpt lat="42.713651" lon="13.587233">
        <ele>1411.861438</ele>
        <time>2026-06-25T16:11:51.529Z</time>
      </trkpt>
      <trkpt lat="42.713819" lon="13.587058">
        <ele>1413.820767</ele>
        <time>2026-06-25T16:12:20.022Z</time>
      </trkpt>
      <trkpt lat="42.714276" lon="13.586672">
        <ele>1418.691668</ele>
        <time>2026-06-25T16:13:32.093Z</time>
      </trkpt>
      <trkpt lat="42.714402" lon="13.586415">
        <ele>1420.448126</ele>
        <time>2026-06-25T16:14:01.677Z</time>
      </trkpt>
      <trkpt lat="42.714485" lon="13.586179">
        <ele>1421.935573</ele>
        <time>2026-06-25T16:14:26.102Z</time>
      </trkpt>
      <trkpt lat="42.714323" lon="13.585985">
        <ele>1423.605169</ele>
        <time>2026-06-25T16:14:53.185Z</time>
      </trkpt>
      <trkpt lat="42.714244" lon="13.585642">
        <ele>1425.648700</ele>
        <time>2026-06-25T16:15:26.077Z</time>
      </trkpt>
      <trkpt lat="42.714213" lon="13.585320">
        <ele>1427.494933</ele>
        <time>2026-06-25T16:15:55.291Z</time>
      </trkpt>
      <trkpt lat="42.714087" lon="13.584741">
        <ele>1430.927921</ele>
        <time>2026-06-25T16:16:49.286Z</time>
      </trkpt>
      <trkpt lat="42.713787" lon="13.584205">
        <ele>1437.015161</ele>
        <time>2026-06-25T16:17:51.376Z</time>
      </trkpt>
      <trkpt lat="42.713740" lon="13.583754">
        <ele>1441.760981</ele>
        <time>2026-06-25T16:18:35.427Z</time>
      </trkpt>
      <trkpt lat="42.713661" lon="13.583475">
        <ele>1444.876155</ele>
        <time>2026-06-25T16:19:06.657Z</time>
      </trkpt>
      <trkpt lat="42.713661" lon="13.582445">
        <ele>1455.607341</ele>
        <time>2026-06-25T16:21:22.060Z</time>
      </trkpt>
      <trkpt lat="42.713692" lon="13.581844">
        <ele>1466.199169</ele>
        <time>2026-06-25T16:22:59.584Z</time>
      </trkpt>
      <trkpt lat="42.713787" lon="13.581608">
        <ele>1471.795450</ele>
        <time>2026-06-25T16:23:46.489Z</time>
      </trkpt>
      <trkpt lat="42.713881" lon="13.581136">
        <ele>1481.965570</ele>
        <time>2026-06-25T16:25:16.269Z</time>
      </trkpt>
      <trkpt lat="42.713850" lon="13.580707">
        <ele>1490.930297</ele>
        <time>2026-06-25T16:26:40.814Z</time>
      </trkpt>
      <trkpt lat="42.713645" lon="13.579763">
        <ele>1510.645760</ele>
        <time>2026-06-25T16:30:02.844Z</time>
      </trkpt>
      <trkpt lat="42.713645" lon="13.579355">
        <ele>1516.949116</ele>
        <time>2026-06-25T16:31:24.537Z</time>
      </trkpt>
      <trkpt lat="42.713740" lon="13.579055">
        <ele>1521.996062</ele>
        <time>2026-06-25T16:32:25.943Z</time>
      </trkpt>
      <trkpt lat="42.713897" lon="13.578668">
        <ele>1528.825784</ele>
        <time>2026-06-25T16:33:40.403Z</time>
      </trkpt>
      <trkpt lat="42.714134" lon="13.578432">
        <ele>1535.000494</ele>
        <time>2026-06-25T16:34:39.310Z</time>
      </trkpt>
      <trkpt lat="42.714276" lon="13.578154">
        <ele>1540.231273</ele>
        <time>2026-06-25T16:35:18.726Z</time>
      </trkpt>
      <trkpt lat="42.714322" lon="13.577943">
        <ele>1543.631531</ele>
        <time>2026-06-25T16:35:39.255Z</time>
      </trkpt>
      <trkpt lat="42.714217" lon="13.577884">
        <ele>1546.020091</ele>
        <time>2026-06-25T16:35:51.794Z</time>
      </trkpt>
      <trkpt lat="42.714125" lon="13.577842">
        <ele>1546.033148</ele>
        <time>2026-06-25T16:36:03.134Z</time>
      </trkpt>
      <trkpt lat="42.713906" lon="13.578111">
        <ele>1545.168931</ele>
        <time>2026-06-25T16:36:36.322Z</time>
      </trkpt>
      <trkpt lat="42.713828" lon="13.578202">
        <ele>1544.867963</ele>
        <time>2026-06-25T16:36:46.778Z</time>
      </trkpt>
      <trkpt lat="42.713731" lon="13.578454">
        <ele>1544.255610</ele>
        <time>2026-06-25T16:37:08.208Z</time>
      </trkpt>
      <trkpt lat="42.713547" lon="13.578563">
        <ele>1543.667727</ele>
        <time>2026-06-25T16:37:29.977Z</time>
      </trkpt>
      <trkpt lat="42.713392" lon="13.578689">
        <ele>1543.138818</ele>
        <time>2026-06-25T16:37:50.218Z</time>
      </trkpt>
      <trkpt lat="42.713547" lon="13.578563">
        <ele>1542.609909</ele>
        <time>2026-06-25T16:38:10.480Z</time>
      </trkpt>
      <trkpt lat="42.713561" lon="13.578444">
        <ele>1542.350500</ele>
        <time>2026-06-25T16:38:20.635Z</time>
      </trkpt>
      <trkpt lat="42.713540" lon="13.578320">
        <ele>1542.076592</ele>
        <time>2026-06-25T16:38:31.540Z</time>
      </trkpt>
      <trkpt lat="42.713382" lon="13.578288">
        <ele>1541.608628</ele>
        <time>2026-06-25T16:38:50.483Z</time>
      </trkpt>
      <trkpt lat="42.713292" lon="13.578239">
        <ele>1541.324655</ele>
        <time>2026-06-25T16:39:02.388Z</time>
      </trkpt>
      <trkpt lat="42.713181" lon="13.578128">
        <ele>1540.541398</ele>
        <time>2026-06-25T16:39:18.844Z</time>
      </trkpt>
      <trkpt lat="42.713016" lon="13.578058">
        <ele>1537.915940</ele>
        <time>2026-06-25T16:39:39.621Z</time>
      </trkpt>
      <trkpt lat="42.713001" lon="13.577923">
        <ele>1536.391978</ele>
        <time>2026-06-25T16:39:51.434Z</time>
      </trkpt>
      <trkpt lat="42.712860" lon="13.577779">
        <ele>1533.714067</ele>
        <time>2026-06-25T16:40:12.214Z</time>
      </trkpt>
      <trkpt lat="42.712865" lon="13.577654">
        <ele>1532.316784</ele>
        <time>2026-06-25T16:40:23.457Z</time>
      </trkpt>
      <trkpt lat="42.712795" lon="13.577431">
        <ele>1529.610088</ele>
        <time>2026-06-25T16:40:46.384Z</time>
      </trkpt>
      <trkpt lat="42.712777" lon="13.577168">
        <ele>1526.661841</ele>
        <time>2026-06-25T16:41:12.171Z</time>
      </trkpt>
      <trkpt lat="42.712848" lon="13.577064">
        <ele>1525.077293</ele>
        <time>2026-06-25T16:41:26.395Z</time>
      </trkpt>
      <trkpt lat="42.712816" lon="13.576968">
        <ele>1523.900657</ele>
        <time>2026-06-25T16:41:37.140Z</time>
      </trkpt>
      <trkpt lat="42.712691" lon="13.576920">
        <ele>1521.927653</ele>
        <time>2026-06-25T16:41:55.201Z</time>
      </trkpt>
      <trkpt lat="42.712633" lon="13.576825">
        <ele>1520.549004</ele>
        <time>2026-06-25T16:42:07.975Z</time>
      </trkpt>
      <trkpt lat="42.712572" lon="13.576818">
        <ele>1519.619069</ele>
        <time>2026-06-25T16:42:16.676Z</time>
      </trkpt>
      <trkpt lat="42.712394" lon="13.576714">
        <ele>1516.676439</ele>
        <time>2026-06-25T16:42:44.159Z</time>
      </trkpt>
      <trkpt lat="42.712299" lon="13.576590">
        <ele>1514.676866</ele>
        <time>2026-06-25T16:43:03.089Z</time>
      </trkpt>
      <trkpt lat="42.712255" lon="13.576578">
        <ele>1513.995176</ele>
        <time>2026-06-25T16:43:09.546Z</time>
      </trkpt>
      <trkpt lat="42.712148" lon="13.576474">
        <ele>1511.348532</ele>
        <time>2026-06-25T16:43:28.302Z</time>
      </trkpt>
      <trkpt lat="42.712032" lon="13.576449">
        <ele>1508.879417</ele>
        <time>2026-06-25T16:43:45.266Z</time>
      </trkpt>
      <trkpt lat="42.712009" lon="13.576385">
        <ele>1507.778862</ele>
        <time>2026-06-25T16:43:52.876Z</time>
      </trkpt>
      <trkpt lat="42.711937" lon="13.576357">
        <ele>1506.204585</ele>
        <time>2026-06-25T16:44:03.835Z</time>
      </trkpt>
      <trkpt lat="42.711859" lon="13.576248">
        <ele>1503.854230</ele>
        <time>2026-06-25T16:44:20.328Z</time>
      </trkpt>
      <trkpt lat="42.711858" lon="13.576121">
        <ele>1501.892280</ele>
        <time>2026-06-25T16:44:34.125Z</time>
      </trkpt>
      <trkpt lat="42.711831" lon="13.576049">
        <ele>1500.643581</ele>
        <time>2026-06-25T16:44:42.897Z</time>
      </trkpt>
      <trkpt lat="42.711759" lon="13.575999">
        <ele>1498.944219</ele>
        <time>2026-06-25T16:44:54.943Z</time>
      </trkpt>
      <trkpt lat="42.711748" lon="13.575852">
        <ele>1496.661682</ele>
        <time>2026-06-25T16:45:11.043Z</time>
      </trkpt>
      <trkpt lat="42.711658" lon="13.575767">
        <ele>1494.358600</ele>
        <time>2026-06-25T16:45:27.291Z</time>
      </trkpt>
      <trkpt lat="42.711635" lon="13.575639">
        <ele>1492.323043</ele>
        <time>2026-06-25T16:45:41.645Z</time>
      </trkpt>
      <trkpt lat="42.711517" lon="13.575492">
        <ele>1488.959895</ele>
        <time>2026-06-25T16:46:05.526Z</time>
      </trkpt>
      <trkpt lat="42.711439" lon="13.575458">
        <ele>1487.238003</ele>
        <time>2026-06-25T16:46:17.739Z</time>
      </trkpt>
      <trkpt lat="42.711396" lon="13.575357">
        <ele>1485.434813</ele>
        <time>2026-06-25T16:46:30.902Z</time>
      </trkpt>
      <trkpt lat="42.711115" lon="13.575188">
        <ele>1478.976070</ele>
        <time>2026-06-25T16:47:18.678Z</time>
      </trkpt>
      <trkpt lat="42.711021" lon="13.575055">
        <ele>1476.125355</ele>
        <time>2026-06-25T16:47:40.134Z</time>
      </trkpt>
      <trkpt lat="42.710988" lon="13.575045">
        <ele>1475.355120</ele>
        <time>2026-06-25T16:47:45.552Z</time>
      </trkpt>
      <trkpt lat="42.710934" lon="13.575082">
        <ele>1473.919906</ele>
        <time>2026-06-25T16:47:55.347Z</time>
      </trkpt>
      <trkpt lat="42.710828" lon="13.574995">
        <ele>1470.981372</ele>
        <time>2026-06-25T16:48:15.468Z</time>
      </trkpt>
      <trkpt lat="42.710707" lon="13.574871">
        <ele>1467.385642</ele>
        <time>2026-06-25T16:48:40.404Z</time>
      </trkpt>
      <trkpt lat="42.710529" lon="13.574561">
        <ele>1460.523028</ele>
        <time>2026-06-25T16:49:29.170Z</time>
      </trkpt>
      <trkpt lat="42.710373" lon="13.574447">
        <ele>1456.319608</ele>
        <time>2026-06-25T16:49:59.211Z</time>
      </trkpt>
      <trkpt lat="42.710081" lon="13.574409">
        <ele>1449.356161</ele>
        <time>2026-06-25T16:50:48.247Z</time>
      </trkpt>
      <trkpt lat="42.710032" lon="13.574375">
        <ele>1448.050475</ele>
        <time>2026-06-25T16:50:57.417Z</time>
      </trkpt>
      <trkpt lat="42.709949" lon="13.574402">
        <ele>1446.024621</ele>
        <time>2026-06-25T16:51:11.579Z</time>
      </trkpt>
      <trkpt lat="42.709714" lon="13.574333">
        <ele>1440.317563</ele>
        <time>2026-06-25T16:51:51.758Z</time>
      </trkpt>
      <trkpt lat="42.709583" lon="13.574209">
        <ele>1436.529479</ele>
        <time>2026-06-25T16:52:17.505Z</time>
      </trkpt>
      <trkpt lat="42.709486" lon="13.574168">
        <ele>1434.118277</ele>
        <time>2026-06-25T16:52:33.410Z</time>
      </trkpt>
      <trkpt lat="42.709273" lon="13.573907">
        <ele>1428.942995</ele>
        <time>2026-06-25T16:53:16.811Z</time>
      </trkpt>
      <trkpt lat="42.709008" lon="13.573740">
        <ele>1423.936465</ele>
        <time>2026-06-25T16:53:58.927Z</time>
      </trkpt>
      <trkpt lat="42.708867" lon="13.573682">
        <ele>1421.411193</ele>
        <time>2026-06-25T16:54:19.328Z</time>
      </trkpt>
      <trkpt lat="42.708761" lon="13.573602">
        <ele>1419.333220</ele>
        <time>2026-06-25T16:54:35.587Z</time>
      </trkpt>
      <trkpt lat="42.708687" lon="13.573460">
        <ele>1417.140199</ele>
        <time>2026-06-25T16:54:52.486Z</time>
      </trkpt>
      <trkpt lat="42.708551" lon="13.573316">
        <ele>1414.186086</ele>
        <time>2026-06-25T16:55:14.923Z</time>
      </trkpt>
      <trkpt lat="42.708449" lon="13.573266">
        <ele>1412.327446</ele>
        <time>2026-06-25T16:55:28.979Z</time>
      </trkpt>
      <trkpt lat="42.708235" lon="13.573017">
        <ele>1407.500537</ele>
        <time>2026-06-25T16:56:05.074Z</time>
      </trkpt>
      <trkpt lat="42.708032" lon="13.572830">
        <ele>1403.298029</ele>
        <time>2026-06-25T16:56:36.087Z</time>
      </trkpt>
      <trkpt lat="42.707759" lon="13.572842">
        <ele>1399.384171</ele>
        <time>2026-06-25T16:57:09.922Z</time>
      </trkpt>
      <trkpt lat="42.707623" lon="13.572678">
        <ele>1396.911755</ele>
        <time>2026-06-25T16:57:32.621Z</time>
      </trkpt>
      <trkpt lat="42.707083" lon="13.572513">
        <ele>1389.381422</ele>
        <time>2026-06-25T16:58:42.365Z</time>
      </trkpt>
      <trkpt lat="42.706839" lon="13.572356">
        <ele>1385.709083</ele>
        <time>2026-06-25T16:59:16.434Z</time>
      </trkpt>
      <trkpt lat="42.706433" lon="13.572335">
        <ele>1380.180935</ele>
        <time>2026-06-25T17:00:07.891Z</time>
      </trkpt>
      <trkpt lat="42.706019" lon="13.572270">
        <ele>1373.781398</ele>
        <time>2026-06-25T17:01:00.997Z</time>
      </trkpt>
      <trkpt lat="42.705323" lon="13.571939">
        <ele>1361.571425</ele>
        <time>2026-06-25T17:02:36.550Z</time>
      </trkpt>
      <trkpt lat="42.705064" lon="13.571921">
        <ele>1357.276567</ele>
        <time>2026-06-25T17:03:11.025Z</time>
      </trkpt>
      <trkpt lat="42.704964" lon="13.571848">
        <ele>1355.397237</ele>
        <time>2026-06-25T17:03:26.570Z</time>
      </trkpt>
      <trkpt lat="42.704766" lon="13.571620">
        <ele>1351.101735</ele>
        <time>2026-06-25T17:04:02.719Z</time>
      </trkpt>
      <trkpt lat="42.704641" lon="13.571621">
        <ele>1349.031590</ele>
        <time>2026-06-25T17:04:20.510Z</time>
      </trkpt>
      <trkpt lat="42.704583" lon="13.571539">
        <ele>1347.526989</ele>
        <time>2026-06-25T17:04:32.529Z</time>
      </trkpt>
      <trkpt lat="42.704513" lon="13.571531">
        <ele>1346.043943</ele>
        <time>2026-06-25T17:04:42.811Z</time>
      </trkpt>
      <trkpt lat="42.704473" lon="13.571563">
        <ele>1345.064339</ele>
        <time>2026-06-25T17:04:49.569Z</time>
      </trkpt>
      <trkpt lat="42.704419" lon="13.571517">
        <ele>1343.719337</ele>
        <time>2026-06-25T17:04:58.852Z</time>
      </trkpt>
      <trkpt lat="42.704359" lon="13.571509">
        <ele>1342.446548</ele>
        <time>2026-06-25T17:05:07.767Z</time>
      </trkpt>
      <trkpt lat="42.704202" lon="13.571542">
        <ele>1339.092650</ele>
        <time>2026-06-25T17:05:31.621Z</time>
      </trkpt>
      <trkpt lat="42.704110" lon="13.571602">
        <ele>1336.938797</ele>
        <time>2026-06-25T17:05:47.339Z</time>
      </trkpt>
      <trkpt lat="42.703985" lon="13.571537">
        <ele>1334.113676</ele>
        <time>2026-06-25T17:06:08.020Z</time>
      </trkpt>
      <trkpt lat="42.703741" lon="13.571613">
        <ele>1328.829114</ele>
        <time>2026-06-25T17:06:47.165Z</time>
      </trkpt>
      <trkpt lat="42.703652" lon="13.571549">
        <ele>1326.703918</ele>
        <time>2026-06-25T17:07:02.911Z</time>
      </trkpt>
      <trkpt lat="42.703517" lon="13.571564">
        <ele>1323.844307</ele>
        <time>2026-06-25T17:07:24.324Z</time>
      </trkpt>
      <trkpt lat="42.703457" lon="13.571554">
        <ele>1322.568119</ele>
        <time>2026-06-25T17:07:33.737Z</time>
      </trkpt>
      <trkpt lat="42.703425" lon="13.571515">
        <ele>1321.661185</ele>
        <time>2026-06-25T17:07:40.545Z</time>
      </trkpt>
      <trkpt lat="42.703307" lon="13.571574">
        <ele>1319.007116</ele>
        <time>2026-06-25T17:08:00.455Z</time>
      </trkpt>
      <trkpt lat="42.703276" lon="13.571615">
        <ele>1318.094448</ele>
        <time>2026-06-25T17:08:07.403Z</time>
      </trkpt>
      <trkpt lat="42.703226" lon="13.571594">
        <ele>1316.989709</ele>
        <time>2026-06-25T17:08:15.592Z</time>
      </trkpt>
      <trkpt lat="42.703205" lon="13.571498">
        <ele>1315.435708</ele>
        <time>2026-06-25T17:08:27.134Z</time>
      </trkpt>
      <trkpt lat="42.703159" lon="13.571531">
        <ele>1314.337859</ele>
        <time>2026-06-25T17:08:35.262Z</time>
      </trkpt>
      <trkpt lat="42.703051" lon="13.571485">
        <ele>1311.948676</ele>
        <time>2026-06-25T17:08:52.577Z</time>
      </trkpt>
      <trkpt lat="42.702931" lon="13.571503">
        <ele>1309.572545</ele>
        <time>2026-06-25T17:09:10.612Z</time>
      </trkpt>
      <trkpt lat="42.702834" lon="13.571437">
        <ele>1307.840965</ele>
        <time>2026-06-25T17:09:26.679Z</time>
      </trkpt>
      <trkpt lat="42.702752" lon="13.571437">
        <ele>1306.531706</ele>
        <time>2026-06-25T17:09:38.700Z</time>
      </trkpt>
      <trkpt lat="42.702671" lon="13.571399">
        <ele>1305.163711</ele>
        <time>2026-06-25T17:09:51.101Z</time>
      </trkpt>
      <trkpt lat="42.702616" lon="13.571460">
        <ele>1304.030810</ele>
        <time>2026-06-25T17:10:01.205Z</time>
      </trkpt>
      <trkpt lat="42.702316" lon="13.571604">
        <ele>1298.951566</ele>
        <time>2026-06-25T17:10:44.920Z</time>
      </trkpt>
      <trkpt lat="42.701826" lon="13.571572">
        <ele>1291.118937</ele>
        <time>2026-06-25T17:11:48.296Z</time>
      </trkpt>
      <trkpt lat="42.701755" lon="13.571523">
        <ele>1289.847843</ele>
        <time>2026-06-25T17:11:58.333Z</time>
      </trkpt>
      <trkpt lat="42.701675" lon="13.571387">
        <ele>1287.803801</ele>
        <time>2026-06-25T17:12:14.467Z</time>
      </trkpt>
      <trkpt lat="42.701065" lon="13.571165">
        <ele>1278.342342</ele>
        <time>2026-06-25T17:13:32.358Z</time>
      </trkpt>
      <trkpt lat="42.700851" lon="13.571180">
        <ele>1275.499687</ele>
        <time>2026-06-25T17:13:58.590Z</time>
      </trkpt>
      <trkpt lat="42.700801" lon="13.571158">
        <ele>1274.802579</ele>
        <time>2026-06-25T17:14:05.021Z</time>
      </trkpt>
      <trkpt lat="42.700458" lon="13.571340">
        <ele>1269.918676</ele>
        <time>2026-06-25T17:14:50.292Z</time>
      </trkpt>
      <trkpt lat="42.700024" lon="13.571190">
        <ele>1263.978477</ele>
        <time>2026-06-25T17:15:46.632Z</time>
      </trkpt>
      <trkpt lat="42.699817" lon="13.571216">
        <ele>1261.220771</ele>
        <time>2026-06-25T17:16:13.088Z</time>
      </trkpt>
      <trkpt lat="42.699653" lon="13.571142">
        <ele>1258.928672</ele>
        <time>2026-06-25T17:16:35.355Z</time>
      </trkpt>
      <trkpt lat="42.699500" lon="13.571148">
        <ele>1256.594517</ele>
        <time>2026-06-25T17:16:55.321Z</time>
      </trkpt>
      <trkpt lat="42.699288" lon="13.571031">
        <ele>1252.100298</ele>
        <time>2026-06-25T17:17:25.365Z</time>
      </trkpt>
      <trkpt lat="42.699190" lon="13.571063">
        <ele>1250.120451</ele>
        <time>2026-06-25T17:17:38.657Z</time>
      </trkpt>
      <trkpt lat="42.699129" lon="13.571048">
        <ele>1248.902707</ele>
        <time>2026-06-25T17:17:46.828Z</time>
      </trkpt>
      <trkpt lat="42.698966" lon="13.571116">
        <ele>1245.553486</ele>
        <time>2026-06-25T17:18:09.812Z</time>
      </trkpt>
      <trkpt lat="42.698843" lon="13.571021">
        <ele>1242.775045</ele>
        <time>2026-06-25T17:18:29.335Z</time>
      </trkpt>
      <trkpt lat="42.698786" lon="13.570915">
        <ele>1240.878759</ele>
        <time>2026-06-25T17:18:42.795Z</time>
      </trkpt>
      <trkpt lat="42.698554" lon="13.570916">
        <ele>1236.321144</ele>
        <time>2026-06-25T17:19:16.267Z</time>
      </trkpt>
      <trkpt lat="42.698406" lon="13.570835">
        <ele>1233.187337</ele>
        <time>2026-06-25T17:19:39.980Z</time>
      </trkpt>
      <trkpt lat="42.698245" lon="13.570800">
        <ele>1229.984413</ele>
        <time>2026-06-25T17:20:04.629Z</time>
      </trkpt>
      <trkpt lat="42.698039" lon="13.570831">
        <ele>1225.912911</ele>
        <time>2026-06-25T17:20:36.742Z</time>
      </trkpt>
      <trkpt lat="42.697679" lon="13.570556">
        <ele>1215.276096</ele>
        <time>2026-06-25T17:21:45.122Z</time>
      </trkpt>
      <trkpt lat="42.697536" lon="13.570525">
        <ele>1210.795573</ele>
        <time>2026-06-25T17:22:10.196Z</time>
      </trkpt>
      <trkpt lat="42.697456" lon="13.570561">
        <ele>1208.188342</ele>
        <time>2026-06-25T17:22:25.258Z</time>
      </trkpt>
      <trkpt lat="42.697435" lon="13.570601">
        <ele>1207.070468</ele>
        <time>2026-06-25T17:22:31.680Z</time>
      </trkpt>
      <trkpt lat="42.697387" lon="13.570574">
        <ele>1205.463336</ele>
        <time>2026-06-25T17:22:41.224Z</time>
      </trkpt>
      <trkpt lat="42.697244" lon="13.570589">
        <ele>1201.025490</ele>
        <time>2026-06-25T17:23:07.826Z</time>
      </trkpt>
      <trkpt lat="42.697195" lon="13.570558">
        <ele>1199.353448</ele>
        <time>2026-06-25T17:23:18.069Z</time>
      </trkpt>
      <trkpt lat="42.697200" lon="13.570516">
        <ele>1198.385885</ele>
        <time>2026-06-25T17:23:23.968Z</time>
      </trkpt>
      <trkpt lat="42.697181" lon="13.570470">
        <ele>1197.185926</ele>
        <time>2026-06-25T17:23:31.502Z</time>
      </trkpt>
      <trkpt lat="42.697156" lon="13.570465">
        <ele>1196.404062</ele>
        <time>2026-06-25T17:23:36.534Z</time>
      </trkpt>
      <trkpt lat="42.697122" lon="13.570319">
        <ele>1192.921212</ele>
        <time>2026-06-25T17:23:58.556Z</time>
      </trkpt>
      <trkpt lat="42.697087" lon="13.570301">
        <ele>1191.763462</ele>
        <time>2026-06-25T17:24:05.945Z</time>
      </trkpt>
      <trkpt lat="42.697083" lon="13.570113">
        <ele>1187.486391</ele>
        <time>2026-06-25T17:24:33.812Z</time>
      </trkpt>
      <trkpt lat="42.697012" lon="13.569912">
        <ele>1182.414944</ele>
        <time>2026-06-25T17:25:07.302Z</time>
      </trkpt>
      <trkpt lat="42.697075" lon="13.569813">
        <ele>1179.436937</ele>
        <time>2026-06-25T17:25:27.300Z</time>
      </trkpt>
      <trkpt lat="42.696992" lon="13.569644">
        <ele>1174.814616</ele>
        <time>2026-06-25T17:25:58.641Z</time>
      </trkpt>
      <trkpt lat="42.696943" lon="13.569638">
        <ele>1173.292327</ele>
        <time>2026-06-25T17:26:09.038Z</time>
      </trkpt>
      <trkpt lat="42.696855" lon="13.569536">
        <ele>1169.715370</ele>
        <time>2026-06-25T17:26:33.557Z</time>
      </trkpt>
      <trkpt lat="42.696876" lon="13.569325">
        <ele>1164.834458</ele>
        <time>2026-06-25T17:27:07.049Z</time>
      </trkpt>
      <trkpt lat="42.696815" lon="13.569283">
        <ele>1162.669928</ele>
        <time>2026-06-25T17:27:21.670Z</time>
      </trkpt>
      <trkpt lat="42.696754" lon="13.569281">
        <ele>1160.738036</ele>
        <time>2026-06-25T17:27:34.528Z</time>
      </trkpt>
      <trkpt lat="42.696795" lon="13.569166">
        <ele>1157.763814</ele>
        <time>2026-06-25T17:27:54.419Z</time>
      </trkpt>
      <trkpt lat="42.696502" lon="13.568950">
        <ele>1147.212965</ele>
        <time>2026-06-25T17:29:03.927Z</time>
      </trkpt>
      <trkpt lat="42.696483" lon="13.568853">
        <ele>1144.877030</ele>
        <time>2026-06-25T17:29:19.116Z</time>
      </trkpt>
      <trkpt lat="42.696419" lon="13.568780">
        <ele>1142.232892</ele>
        <time>2026-06-25T17:29:36.113Z</time>
      </trkpt>
      <trkpt lat="42.696423" lon="13.568702">
        <ele>1140.413451</ele>
        <time>2026-06-25T17:29:47.806Z</time>
      </trkpt>
      <trkpt lat="42.696391" lon="13.568668">
        <ele>1139.127981</ele>
        <time>2026-06-25T17:29:55.913Z</time>
      </trkpt>
      <trkpt lat="42.696276" lon="13.568646">
        <ele>1135.451134</ele>
        <time>2026-06-25T17:30:19.243Z</time>
      </trkpt>
      <trkpt lat="42.696258" lon="13.568581">
        <ele>1133.834803</ele>
        <time>2026-06-25T17:30:29.233Z</time>
      </trkpt>
      <trkpt lat="42.696154" lon="13.568585">
        <ele>1130.540726</ele>
        <time>2026-06-25T17:30:49.388Z</time>
      </trkpt>
      <trkpt lat="42.696134" lon="13.568556">
        <ele>1129.615331</ele>
        <time>2026-06-25T17:30:55.105Z</time>
      </trkpt>
      <trkpt lat="42.696077" lon="13.568562">
        <ele>1127.805252</ele>
        <time>2026-06-25T17:31:05.816Z</time>
      </trkpt>
      <trkpt lat="42.696017" lon="13.568526">
        <ele>1125.729076</ele>
        <time>2026-06-25T17:31:18.157Z</time>
      </trkpt>
      <trkpt lat="42.695960" lon="13.568540">
        <ele>1123.895221</ele>
        <time>2026-06-25T17:31:28.938Z</time>
      </trkpt>
      <trkpt lat="42.695910" lon="13.568404">
        <ele>1120.356671</ele>
        <time>2026-06-25T17:31:49.218Z</time>
      </trkpt>
      <trkpt lat="42.695679" lon="13.568164">
        <ele>1111.154487</ele>
        <time>2026-06-25T17:32:40.458Z</time>
      </trkpt>
      <trkpt lat="42.695696" lon="13.568096">
        <ele>1109.526117</ele>
        <time>2026-06-25T17:32:49.431Z</time>
      </trkpt>
      <trkpt lat="42.695731" lon="13.568068">
        <ele>1108.735985</ele>
        <time>2026-06-25T17:32:56.328Z</time>
      </trkpt>
      <trkpt lat="42.695544" lon="13.567995">
        <ele>1104.950035</ele>
        <time>2026-06-25T17:33:28.570Z</time>
      </trkpt>
      <trkpt lat="42.695558" lon="13.567944">
        <ele>1104.171369</ele>
        <time>2026-06-25T17:33:35.147Z</time>
      </trkpt>
      <trkpt lat="42.695380" lon="13.567847">
        <ele>1100.439881</ele>
        <time>2026-06-25T17:34:05.879Z</time>
      </trkpt>
      <trkpt lat="42.695253" lon="13.567683">
        <ele>1097.032462</ele>
        <time>2026-06-25T17:34:32.372Z</time>
      </trkpt>
      <trkpt lat="42.695054" lon="13.567533">
        <ele>1092.605229</ele>
        <time>2026-06-25T17:35:05.367Z</time>
      </trkpt>
      <trkpt lat="42.694962" lon="13.567398">
        <ele>1089.972011</ele>
        <time>2026-06-25T17:35:24.022Z</time>
      </trkpt>
      <trkpt lat="42.694868" lon="13.567358">
        <ele>1088.055337</ele>
        <time>2026-06-25T17:35:37.122Z</time>
      </trkpt>
      <trkpt lat="42.694767" lon="13.567241">
        <ele>1085.473918</ele>
        <time>2026-06-25T17:35:54.567Z</time>
      </trkpt>
      <trkpt lat="42.694722" lon="13.567234">
        <ele>1084.592487</ele>
        <time>2026-06-25T17:36:00.456Z</time>
      </trkpt>
      <trkpt lat="42.694498" lon="13.567069">
        <ele>1079.635471</ele>
        <time>2026-06-25T17:36:33.508Z</time>
      </trkpt>
      <trkpt lat="42.694486" lon="13.567115">
        <ele>1078.937313</ele>
        <time>2026-06-25T17:36:38.066Z</time>
      </trkpt>
      <trkpt lat="42.694650" lon="13.567457">
        <ele>1073.541435</ele>
        <time>2026-06-25T17:37:16.699Z</time>
      </trkpt>
      <trkpt lat="42.694677" lon="13.567719">
        <ele>1070.882991</ele>
        <time>2026-06-25T17:37:41.489Z</time>
      </trkpt>
      <trkpt lat="42.694715" lon="13.567846">
        <ele>1069.505141</ele>
        <time>2026-06-25T17:37:54.317Z</time>
      </trkpt>
      <trkpt lat="42.694770" lon="13.567950">
        <ele>1068.217692</ele>
        <time>2026-06-25T17:38:06.342Z</time>
      </trkpt>
      <trkpt lat="42.695032" lon="13.568274">
        <ele>1063.377216</ele>
        <time>2026-06-25T17:38:50.978Z</time>
      </trkpt>
      <trkpt lat="42.695099" lon="13.568415">
        <ele>1061.690072</ele>
        <time>2026-06-25T17:39:06.208Z</time>
      </trkpt>
      <trkpt lat="42.695094" lon="13.568620">
        <ele>1059.629022</ele>
        <time>2026-06-25T17:39:25.018Z</time>
      </trkpt>
      <trkpt lat="42.695116" lon="13.568727">
        <ele>1058.512568</ele>
        <time>2026-06-25T17:39:35.260Z</time>
      </trkpt>
      <trkpt lat="42.695252" lon="13.569039">
        <ele>1054.867573</ele>
        <time>2026-06-25T17:40:08.919Z</time>
      </trkpt>
      <trkpt lat="42.695301" lon="13.569291">
        <ele>1052.248272</ele>
        <time>2026-06-25T17:40:33.271Z</time>
      </trkpt>
      <trkpt lat="42.695288" lon="13.569572">
        <ele>1049.526974</ele>
        <time>2026-06-25T17:40:59.554Z</time>
      </trkpt>
      <trkpt lat="42.695310" lon="13.569786">
        <ele>1047.757883</ele>
        <time>2026-06-25T17:41:19.556Z</time>
      </trkpt>
      <trkpt lat="42.695199" lon="13.570140">
        <ele>1044.606920</ele>
        <time>2026-06-25T17:41:55.304Z</time>
      </trkpt>
      <trkpt lat="42.695019" lon="13.570420">
        <ele>1041.561367</ele>
        <time>2026-06-25T17:42:29.503Z</time>
      </trkpt>
      <trkpt lat="42.694927" lon="13.570522">
        <ele>1040.239390</ele>
        <time>2026-06-25T17:42:44.141Z</time>
      </trkpt>
      <trkpt lat="42.694845" lon="13.570549">
        <ele>1039.299597</ele>
        <time>2026-06-25T17:42:54.377Z</time>
      </trkpt>
      <trkpt lat="42.694715" lon="13.570750">
        <ele>1037.107547</ele>
        <time>2026-06-25T17:43:18.260Z</time>
      </trkpt>
      <trkpt lat="42.694579" lon="13.570830">
        <ele>1035.457074</ele>
        <time>2026-06-25T17:43:36.116Z</time>
      </trkpt>
      <trkpt lat="42.694573" lon="13.570887">
        <ele>1034.985643</ele>
        <time>2026-06-25T17:43:41.165Z</time>
      </trkpt>
      <trkpt lat="42.694405" lon="13.571001">
        <ele>1032.894402</ele>
        <time>2026-06-25T17:44:03.641Z</time>
      </trkpt>
      <trkpt lat="42.694066" lon="13.571392">
        <ele>1028.912009</ele>
        <time>2026-06-25T17:44:55.237Z</time>
      </trkpt>
      <trkpt lat="42.693903" lon="13.571531">
        <ele>1027.795182</ele>
        <time>2026-06-25T17:45:17.087Z</time>
      </trkpt>
      <trkpt lat="42.693708" lon="13.571786">
        <ele>1026.224960</ele>
        <time>2026-06-25T17:45:47.488Z</time>
      </trkpt>
      <trkpt lat="42.693643" lon="13.571938">
        <ele>1025.474575</ele>
        <time>2026-06-25T17:46:01.710Z</time>
      </trkpt>
      <trkpt lat="42.693622" lon="13.572032">
        <ele>1025.055351</ele>
        <time>2026-06-25T17:46:09.670Z</time>
      </trkpt>
      <trkpt lat="42.693637" lon="13.572111">
        <ele>1024.707186</ele>
        <time>2026-06-25T17:46:16.170Z</time>
      </trkpt>
      <trkpt lat="42.694122" lon="13.572879">
        <ele>1020.386579</ele>
        <time>2026-06-25T17:47:37.100Z</time>
      </trkpt>
      <trkpt lat="42.694322" lon="13.573087">
        <ele>1018.741263</ele>
        <time>2026-06-25T17:48:04.797Z</time>
      </trkpt>
      <trkpt lat="42.694363" lon="13.573258">
        <ele>1017.738004</ele>
        <time>2026-06-25T17:48:19.555Z</time>
      </trkpt>
      <trkpt lat="42.694458" lon="13.573421">
        <ele>1016.577680</ele>
        <time>2026-06-25T17:48:36.787Z</time>
      </trkpt>
      <trkpt lat="42.694661" lon="13.573576">
        <ele>1014.811119</ele>
        <time>2026-06-25T17:49:03.440Z</time>
      </trkpt>
      <trkpt lat="42.694727" lon="13.573598">
        <ele>1014.295437</ele>
        <time>2026-06-25T17:49:11.413Z</time>
      </trkpt>
      <trkpt lat="42.695127" lon="13.573626">
        <ele>1011.255851</ele>
        <time>2026-06-25T17:49:58.553Z</time>
      </trkpt>
      <trkpt lat="42.695218" lon="13.573668">
        <ele>1010.526607</ele>
        <time>2026-06-25T17:50:10.046Z</time>
      </trkpt>
      <trkpt lat="42.695851" lon="13.574178">
        <ele>1005.625275</ele>
        <time>2026-06-25T17:51:37.274Z</time>
      </trkpt>
      <trkpt lat="42.696262" lon="13.574570">
        <ele>1004.607447</ele>
        <time>2026-06-25T17:52:33.552Z</time>
      </trkpt>
      <trkpt lat="42.696414" lon="13.574767">
        <ele>1004.181754</ele>
        <time>2026-06-25T17:52:55.990Z</time>
      </trkpt>
      <trkpt lat="42.696594" lon="13.574930">
        <ele>1003.743287</ele>
        <time>2026-06-25T17:53:18.336Z</time>
      </trkpt>
      <trkpt lat="42.696665" lon="13.574965">
        <ele>1003.590150</ele>
        <time>2026-06-25T17:53:25.888Z</time>
      </trkpt>
      <trkpt lat="42.696890" lon="13.575003">
        <ele>1003.130380</ele>
        <time>2026-06-25T17:53:49.133Z</time>
      </trkpt>
      <trkpt lat="42.697101" lon="13.574922">
        <ele>1002.685797</ele>
        <time>2026-06-25T17:54:12.729Z</time>
      </trkpt>
      <trkpt lat="42.697252" lon="13.575003">
        <ele>1002.356652</ele>
        <time>2026-06-25T17:54:30.721Z</time>
      </trkpt>
      <trkpt lat="42.697454" lon="13.575359">
        <ele>1003.489343</ele>
        <time>2026-06-25T17:55:09.231Z</time>
      </trkpt>
      <trkpt lat="42.697748" lon="13.575971">
        <ele>1006.037711</ele>
        <time>2026-06-25T17:56:15.371Z</time>
      </trkpt>
      <trkpt lat="42.697813" lon="13.576168">
        <ele>1006.790367</ele>
        <time>2026-06-25T17:56:34.724Z</time>
      </trkpt>
      <trkpt lat="42.697832" lon="13.576436">
        <ele>1007.728804</ele>
        <time>2026-06-25T17:56:58.354Z</time>
      </trkpt>
      <trkpt lat="42.697974" lon="13.576641">
        <ele>1008.710662</ele>
        <time>2026-06-25T17:57:22.800Z</time>
      </trkpt>
      <trkpt lat="42.698035" lon="13.576758">
        <ele>1009.210650</ele>
        <time>2026-06-25T17:57:34.981Z</time>
      </trkpt>
      <trkpt lat="42.698098" lon="13.576876">
        <ele>1009.719000</ele>
        <time>2026-06-25T17:57:47.353Z</time>
      </trkpt>
      <trkpt lat="42.698326" lon="13.577112">
        <ele>1010.814375</ele>
        <time>2026-06-25T17:58:19.670Z</time>
      </trkpt>
      <trkpt lat="42.698979" lon="13.577302">
        <ele>1011.385679</ele>
        <time>2026-06-25T17:59:30.910Z</time>
      </trkpt>
      <trkpt lat="42.699982" lon="13.577674">
        <ele>1012.275100</ele>
        <time>2026-06-25T18:01:17.211Z</time>
      </trkpt>
      <trkpt lat="42.700263" lon="13.577942">
        <ele>1013.413221</ele>
        <time>2026-06-25T18:01:52.704Z</time>
      </trkpt>
      <trkpt lat="42.700423" lon="13.578232">
        <ele>1014.345481</ele>
        <time>2026-06-25T18:02:22.001Z</time>
      </trkpt>
      <trkpt lat="42.700591" lon="13.578338">
        <ele>1014.993280</ele>
        <time>2026-06-25T18:02:43.023Z</time>
      </trkpt>
      <trkpt lat="42.700794" lon="13.578329">
        <ele>1015.703786</ele>
        <time>2026-06-25T18:03:06.782Z</time>
      </trkpt>
      <trkpt lat="42.701381" lon="13.578522">
        <ele>1017.816306</ele>
        <time>2026-06-25T18:04:18.589Z</time>
      </trkpt>
      <trkpt lat="42.701882" lon="13.578586">
        <ele>1019.884075</ele>
        <time>2026-06-25T18:05:17.460Z</time>
      </trkpt>
      <trkpt lat="42.702111" lon="13.578822">
        <ele>1021.201277</ele>
        <time>2026-06-25T18:05:50.354Z</time>
      </trkpt>
      <trkpt lat="42.702394" lon="13.579208">
        <ele>1023.038596</ele>
        <time>2026-06-25T18:06:35.567Z</time>
      </trkpt>
      <trkpt lat="42.702875" lon="13.579702">
        <ele>1025.801824</ele>
        <time>2026-06-25T18:07:43.828Z</time>
      </trkpt>
      <trkpt lat="42.703120" lon="13.579809">
        <ele>1027.100836</ele>
        <time>2026-06-25T18:08:13.971Z</time>
      </trkpt>
      <trkpt lat="42.703396" lon="13.579863">
        <ele>1029.415440</ele>
        <time>2026-06-25T18:08:47.984Z</time>
      </trkpt>
      <trkpt lat="42.703498" lon="13.580067">
        <ele>1030.920587</ele>
        <time>2026-06-25T18:09:10.815Z</time>
      </trkpt>
      <trkpt lat="42.703632" lon="13.582416">
        <ele>1044.134538</ele>
        <time>2026-06-25T18:12:59.380Z</time>
      </trkpt>
      <trkpt lat="42.703601" lon="13.582899">
        <ele>1046.121067</ele>
        <time>2026-06-25T18:13:44.418Z</time>
      </trkpt>
      <trkpt lat="42.703372" lon="13.583200">
        <ele>1047.896233</ele>
        <time>2026-06-25T18:14:22.589Z</time>
      </trkpt>
      <trkpt lat="42.703175" lon="13.583307">
        <ele>1049.078875</ele>
        <time>2026-06-25T18:14:46.972Z</time>
      </trkpt>
      <trkpt lat="42.703017" lon="13.583650">
        <ele>1050.737535</ele>
        <time>2026-06-25T18:15:19.585Z</time>
      </trkpt>
      <trkpt lat="42.702867" lon="13.583714">
        <ele>1051.614012</ele>
        <time>2026-06-25T18:15:36.032Z</time>
      </trkpt>
      <trkpt lat="42.701054" lon="13.583468">
        <ele>1053.997408</ele>
        <time>2026-06-25T18:18:39.194Z</time>
      </trkpt>
      <trkpt lat="42.700849" lon="13.583650">
        <ele>1056.312724</ele>
        <time>2026-06-25T18:19:09.400Z</time>
      </trkpt>
      <trkpt lat="42.700794" lon="13.583929">
        <ele>1058.385988</ele>
        <time>2026-06-25T18:19:36.833Z</time>
      </trkpt>
      <trkpt lat="42.701409" lon="13.584948">
        <ele>1067.849873</ele>
        <time>2026-06-25T18:21:53.547Z</time>
      </trkpt>
      <trkpt lat="42.701685" lon="13.585002">
        <ele>1070.573099</ele>
        <time>2026-06-25T18:22:35.618Z</time>
      </trkpt>
      <trkpt lat="42.701992" lon="13.584390">
        <ele>1076.234714</ele>
        <time>2026-06-25T18:23:54.556Z</time>
      </trkpt>
      <trkpt lat="42.702166" lon="13.584369">
        <ele>1078.076444</ele>
        <time>2026-06-25T18:24:18.348Z</time>
      </trkpt>
      <trkpt lat="42.702268" lon="13.584669">
        <ele>1080.637601</ele>
        <time>2026-06-25T18:24:51.020Z</time>
      </trkpt>
      <trkpt lat="42.702063" lon="13.585131">
        <ele>1084.819145</ele>
        <time>2026-06-25T18:25:44.176Z</time>
      </trkpt>
      <trkpt lat="42.701322" lon="13.586483">
        <ele>1093.974574</ele>
        <time>2026-06-25T18:28:27.462Z</time>
      </trkpt>
      <trkpt lat="42.701003" lon="13.586695">
        <ele>1095.724858</ele>
        <time>2026-06-25T18:29:08.251Z</time>
      </trkpt>
      <trkpt lat="42.700909" lon="13.586729">
        <ele>1096.204390</ele>
        <time>2026-06-25T18:29:19.108Z</time>
      </trkpt>
      <trkpt lat="42.700094" lon="13.586232">
        <ele>1099.512176</ele>
        <time>2026-06-25T18:30:51.167Z</time>
      </trkpt>
      <trkpt lat="42.699838" lon="13.586134">
        <ele>1099.628393</ele>
        <time>2026-06-25T18:31:17.802Z</time>
      </trkpt>
      <trkpt lat="42.699633" lon="13.586224">
        <ele>1099.722527</ele>
        <time>2026-06-25T18:31:39.449Z</time>
      </trkpt>
      <trkpt lat="42.699511" lon="13.586350">
        <ele>1099.789460</ele>
        <time>2026-06-25T18:31:54.994Z</time>
      </trkpt>
      <trkpt lat="42.699398" lon="13.586529">
        <ele>1099.865246</ele>
        <time>2026-06-25T18:32:12.823Z</time>
      </trkpt>
      <trkpt lat="42.699204" lon="13.586941">
        <ele>1100.022397</ele>
        <time>2026-06-25T18:32:50.055Z</time>
      </trkpt>
      <trkpt lat="42.698997" lon="13.587160">
        <ele>1100.136984</ele>
        <time>2026-06-25T18:33:17.143Z</time>
      </trkpt>
      <trkpt lat="42.698859" lon="13.587200">
        <ele>1100.142202</ele>
        <time>2026-06-25T18:33:31.649Z</time>
      </trkpt>
      <trkpt lat="42.698346" lon="13.587052">
        <ele>1098.519530</ele>
        <time>2026-06-25T18:34:24.615Z</time>
      </trkpt>
      <trkpt lat="42.697750" lon="13.586955">
        <ele>1096.662172</ele>
        <time>2026-06-25T18:35:29.604Z</time>
      </trkpt>
      <trkpt lat="42.697301" lon="13.587051">
        <ele>1095.255776</ele>
        <time>2026-06-25T18:36:20.641Z</time>
      </trkpt>
      <trkpt lat="42.697025" lon="13.587041">
        <ele>1094.581144</ele>
        <time>2026-06-25T18:36:51.212Z</time>
      </trkpt>
      <trkpt lat="42.696748" lon="13.586759">
        <ele>1094.366967</ele>
        <time>2026-06-25T18:37:28.712Z</time>
      </trkpt>
      <trkpt lat="42.696111" lon="13.586565">
        <ele>1093.962848</ele>
        <time>2026-06-25T18:38:36.222Z</time>
      </trkpt>
      <trkpt lat="42.695622" lon="13.586691">
        <ele>1093.654731</ele>
        <time>2026-06-25T18:39:28.742Z</time>
      </trkpt>
      <trkpt lat="42.695355" lon="13.586822">
        <ele>1093.845089</ele>
        <time>2026-06-25T18:40:00.735Z</time>
      </trkpt>
      <trkpt lat="42.694684" lon="13.587598">
        <ele>1099.248513</ele>
        <time>2026-06-25T18:41:44.717Z</time>
      </trkpt>
      <trkpt lat="42.694487" lon="13.587607">
        <ele>1100.457944</ele>
        <time>2026-06-25T18:42:09.009Z</time>
      </trkpt>
      <trkpt lat="42.694422" lon="13.587662">
        <ele>1100.927606</ele>
        <time>2026-06-25T18:42:18.487Z</time>
      </trkpt>
      <trkpt lat="42.694319" lon="13.587902">
        <ele>1102.180936</ele>
        <time>2026-06-25T18:42:43.972Z</time>
      </trkpt>
      <trkpt lat="42.694173" lon="13.588541">
        <ele>1105.522516</ele>
        <time>2026-06-25T18:43:47.003Z</time>
      </trkpt>
      <trkpt lat="42.693997" lon="13.589122">
        <ele>1109.768444</ele>
        <time>2026-06-25T18:44:47.983Z</time>
      </trkpt>
      <trkpt lat="42.693888" lon="13.589355">
        <ele>1111.634571</ele>
        <time>2026-06-25T18:45:15.243Z</time>
      </trkpt>
      <trkpt lat="42.693536" lon="13.589560">
        <ele>1115.154433</ele>
        <time>2026-06-25T18:46:06.096Z</time>
      </trkpt>
      <trkpt lat="42.693500" lon="13.589712">
        <ele>1116.233449</ele>
        <time>2026-06-25T18:46:21.354Z</time>
      </trkpt>
      <trkpt lat="42.693572" lon="13.589803">
        <ele>1117.136852</ele>
        <time>2026-06-25T18:46:34.026Z</time>
      </trkpt>
      <trkpt lat="42.693751" lon="13.589864">
        <ele>1118.833201</ele>
        <time>2026-06-25T18:46:57.891Z</time>
      </trkpt>
      <trkpt lat="42.694115" lon="13.589851">
        <ele>1122.474468</ele>
        <time>2026-06-25T18:47:45.431Z</time>
      </trkpt>
      <trkpt lat="42.694722" lon="13.589615">
        <ele>1129.832439</ele>
        <time>2026-06-25T18:49:08.252Z</time>
      </trkpt>
      <trkpt lat="42.695945" lon="13.589497">
        <ele>1144.729211</ele>
        <time>2026-06-25T18:52:12.732Z</time>
      </trkpt>
      <trkpt lat="42.696205" lon="13.589873">
        <ele>1150.443830</ele>
        <time>2026-06-25T18:53:19.837Z</time>
      </trkpt>
      <trkpt lat="42.696236" lon="13.590624">
        <ele>1158.769962</ele>
        <time>2026-06-25T18:54:56.917Z</time>
      </trkpt>
      <trkpt lat="42.696599" lon="13.590860">
        <ele>1164.829195</ele>
        <time>2026-06-25T18:56:06.144Z</time>
      </trkpt>
      <trkpt lat="42.696505" lon="13.591010">
        <ele>1167.011212</ele>
        <time>2026-06-25T18:56:29.979Z</time>
      </trkpt>
      <trkpt lat="42.695290" lon="13.591364">
        <ele>1181.221014</ele>
        <time>2026-06-25T18:59:28.901Z</time>
      </trkpt>
      <trkpt lat="42.695243" lon="13.591622">
        <ele>1183.364430</ele>
        <time>2026-06-25T18:59:54.910Z</time>
      </trkpt>
      <trkpt lat="42.695424" lon="13.591858">
        <ele>1186.114934</ele>
        <time>2026-06-25T19:00:27.815Z</time>
      </trkpt>
      <trkpt lat="42.695960" lon="13.592287">
        <ele>1191.490397</ele>
        <time>2026-06-25T19:01:46.370Z</time>
      </trkpt>
      <trkpt lat="42.695369" lon="13.592180">
        <ele>1195.703952</ele>
        <time>2026-06-25T19:02:58.648Z</time>
      </trkpt>
      <trkpt lat="42.694809" lon="13.592619">
        <ele>1200.271518</ele>
        <time>2026-06-25T19:04:17.104Z</time>
      </trkpt>
      <trkpt lat="42.694486" lon="13.592952">
        <ele>1203.652036</ele>
        <time>2026-06-25T19:05:08.190Z</time>
      </trkpt>
      <trkpt lat="42.694841" lon="13.592952">
        <ele>1206.995024</ele>
        <time>2026-06-25T19:05:54.724Z</time>
      </trkpt>
      <trkpt lat="42.695239" lon="13.592843">
        <ele>1210.818109</ele>
        <time>2026-06-25T19:06:50.119Z</time>
      </trkpt>
      <trkpt lat="42.695280" lon="13.592930">
        <ele>1211.533396</ele>
        <time>2026-06-25T19:07:01.164Z</time>
      </trkpt>
      <trkpt lat="42.695243" lon="13.593049">
        <ele>1212.427677</ele>
        <time>2026-06-25T19:07:16.189Z</time>
      </trkpt>
      <trkpt lat="42.694720" lon="13.593383">
        <ele>1217.868232</ele>
        <time>2026-06-25T19:08:32.412Z</time>
      </trkpt>
      <trkpt lat="42.694494" lon="13.593800">
        <ele>1220.491528</ele>
        <time>2026-06-25T19:09:21.198Z</time>
      </trkpt>
      <trkpt lat="42.694503" lon="13.593952">
        <ele>1221.200736</ele>
        <time>2026-06-25T19:09:35.878Z</time>
      </trkpt>
      <trkpt lat="42.694410" lon="13.593812">
        <ele>1222.078376</ele>
        <time>2026-06-25T19:09:53.529Z</time>
      </trkpt>
      <trkpt lat="42.694396" lon="13.593801">
        <ele>1222.180675</ele>
        <time>2026-06-25T19:09:55.725Z</time>
      </trkpt>
      <trkpt lat="42.694308" lon="13.593730">
        <ele>1222.828062</ele>
        <time>2026-06-25T19:10:08.686Z</time>
      </trkpt>
      <trkpt lat="42.694113" lon="13.593772">
        <ele>1224.077340</ele>
        <time>2026-06-25T19:10:34.054Z</time>
      </trkpt>
      <trkpt lat="42.693871" lon="13.593694">
        <ele>1225.651039</ele>
        <time>2026-06-25T19:11:05.336Z</time>
      </trkpt>
      <trkpt lat="42.693414" lon="13.593912">
        <ele>1228.715412</ele>
        <time>2026-06-25T19:12:01.656Z</time>
      </trkpt>
      <trkpt lat="42.692949" lon="13.594184">
        <ele>1230.093111</ele>
        <time>2026-06-25T19:12:55.433Z</time>
      </trkpt>
      <trkpt lat="42.692581" lon="13.594252">
        <ele>1230.316928</ele>
        <time>2026-06-25T19:13:32.922Z</time>
      </trkpt>
      <trkpt lat="42.692370" lon="13.593422">
        <ele>1230.705954</ele>
        <time>2026-06-25T19:14:38.501Z</time>
      </trkpt>
      <trkpt lat="42.692087" lon="13.593436">
        <ele>1230.876620</ele>
        <time>2026-06-25T19:15:07.558Z</time>
      </trkpt>
      <trkpt lat="42.691524" lon="13.594409">
        <ele>1235.144168</ele>
        <time>2026-06-25T19:16:44.796Z</time>
      </trkpt>
      <trkpt lat="42.690951" lon="13.594988">
        <ele>1239.208523</ele>
        <time>2026-06-25T19:18:14.140Z</time>
      </trkpt>
      <trkpt lat="42.690649" lon="13.595346">
        <ele>1241.891932</ele>
        <time>2026-06-25T19:19:07.013Z</time>
      </trkpt>
      <trkpt lat="42.690822" lon="13.595539">
        <ele>1245.120233</ele>
        <time>2026-06-25T19:19:37.601Z</time>
      </trkpt>
      <trkpt lat="42.691048" lon="13.596240">
        <ele>1253.238916</ele>
        <time>2026-06-25T19:21:03.645Z</time>
      </trkpt>
      <trkpt lat="42.691372" lon="13.596805">
        <ele>1260.839400</ele>
        <time>2026-06-25T19:22:34.502Z</time>
      </trkpt>
      <trkpt lat="42.691390" lon="13.596987">
        <ele>1262.787105</ele>
        <time>2026-06-25T19:22:59.666Z</time>
      </trkpt>
      <trkpt lat="42.691285" lon="13.597088">
        <ele>1264.642664</ele>
        <time>2026-06-25T19:23:23.594Z</time>
      </trkpt>
      <trkpt lat="42.691240" lon="13.597270">
        <ele>1266.679266</ele>
        <time>2026-06-25T19:23:49.556Z</time>
      </trkpt>
      <trkpt lat="42.691245" lon="13.597628">
        <ele>1271.191635</ele>
        <time>2026-06-25T19:24:37.069Z</time>
      </trkpt>
      <trkpt lat="42.691295" lon="13.598536">
        <ele>1282.943071</ele>
        <time>2026-06-25T19:26:34.101Z</time>
      </trkpt>
      <trkpt lat="42.691237" lon="13.598557">
        <ele>1283.996921</ele>
        <time>2026-06-25T19:26:44.348Z</time>
      </trkpt>
      <trkpt lat="42.691090" lon="13.598447">
        <ele>1286.942703</ele>
        <time>2026-06-25T19:27:14.116Z</time>
      </trkpt>
      <trkpt lat="42.690838" lon="13.598439">
        <ele>1291.368694</ele>
        <time>2026-06-25T19:28:00.640Z</time>
      </trkpt>
      <trkpt lat="42.690722" lon="13.598543">
        <ele>1293.807989</ele>
        <time>2026-06-25T19:28:26.639Z</time>
      </trkpt>
      <trkpt lat="42.690743" lon="13.598990">
        <ele>1299.846479</ele>
        <time>2026-06-25T19:29:28.866Z</time>
      </trkpt>
      <trkpt lat="42.690812" lon="13.599241">
        <ele>1304.384144</ele>
        <time>2026-06-25T19:30:06.389Z</time>
      </trkpt>
      <trkpt lat="42.690793" lon="13.599618">
        <ele>1310.782807</ele>
        <time>2026-06-25T19:31:01.113Z</time>
      </trkpt>
      <trkpt lat="42.690815" lon="13.599711">
        <ele>1312.437107</ele>
        <time>2026-06-25T19:31:15.646Z</time>
      </trkpt>
      <trkpt lat="42.690923" lon="13.600183">
        <ele>1320.807699</ele>
        <time>2026-06-25T19:32:33.213Z</time>
      </trkpt>
      <trkpt lat="42.690963" lon="13.600281">
        <ele>1322.705799</ele>
        <time>2026-06-25T19:32:51.714Z</time>
      </trkpt>
      <trkpt lat="42.690674" lon="13.600939">
        <ele>1335.685204</ele>
        <time>2026-06-25T19:35:05.255Z</time>
      </trkpt>
      <trkpt lat="42.690710" lon="13.601118">
        <ele>1338.827599</ele>
        <time>2026-06-25T19:35:38.712Z</time>
      </trkpt>
      <trkpt lat="42.691389" lon="13.603007">
        <ele>1375.695312</ele>
        <time>2026-06-25T19:41:48.725Z</time>
      </trkpt>
      <trkpt lat="42.691709" lon="13.602827">
        <ele>1383.293803</ele>
        <time>2026-06-25T19:42:54.556Z</time>
      </trkpt>
      <trkpt lat="42.692091" lon="13.602675">
        <ele>1384.860449</ele>
        <time>2026-06-25T19:43:55.820Z</time>
      </trkpt>
      <trkpt lat="42.692179" lon="13.602620">
        <ele>1385.241642</ele>
        <time>2026-06-25T19:44:08.454Z</time>
      </trkpt>
      <trkpt lat="42.692219" lon="13.602596">
        <ele>1385.413724</ele>
        <time>2026-06-25T19:44:14.101Z</time>
      </trkpt>
      <trkpt lat="42.692154" lon="13.602805">
        <ele>1386.070304</ele>
        <time>2026-06-25T19:44:34.484Z</time>
      </trkpt>
      <trkpt lat="42.692237" lon="13.603283">
        <ele>1387.491316</ele>
        <time>2026-06-25T19:45:13.427Z</time>
      </trkpt>
      <trkpt lat="42.692220" lon="13.603497">
        <ele>1388.114063</ele>
        <time>2026-06-25T19:45:29.265Z</time>
      </trkpt>
      <trkpt lat="42.692344" lon="13.603785">
        <ele>1389.079736</ele>
        <time>2026-06-25T19:45:55.163Z</time>
      </trkpt>
      <trkpt lat="42.692455" lon="13.603968">
        <ele>1389.766193</ele>
        <time>2026-06-25T19:46:14.759Z</time>
      </trkpt>
      <trkpt lat="42.692513" lon="13.604013">
        <ele>1390.029010</ele>
        <time>2026-06-25T19:46:22.439Z</time>
      </trkpt>
      <trkpt lat="42.692603" lon="13.604022">
        <ele>1389.682604</ele>
        <time>2026-06-25T19:46:32.994Z</time>
      </trkpt>
      <trkpt lat="42.692732" lon="13.604222">
        <ele>1386.680205</ele>
        <time>2026-06-25T19:46:56.472Z</time>
      </trkpt>
      <trkpt lat="42.692784" lon="13.604266">
        <ele>1385.740133</ele>
        <time>2026-06-25T19:47:03.964Z</time>
      </trkpt>
      <trkpt lat="42.692896" lon="13.604271">
        <ele>1384.019834</ele>
        <time>2026-06-25T19:47:17.773Z</time>
      </trkpt>
      <trkpt lat="42.693021" lon="13.604437">
        <ele>1381.338301</ele>
        <time>2026-06-25T19:47:39.810Z</time>
      </trkpt>
      <trkpt lat="42.693370" lon="13.604609">
        <ele>1375.639941</ele>
        <time>2026-06-25T19:48:28.075Z</time>
      </trkpt>
      <trkpt lat="42.693705" lon="13.604513">
        <ele>1370.384335</ele>
        <time>2026-06-25T19:49:15.965Z</time>
      </trkpt>
      <trkpt lat="42.693752" lon="13.604475">
        <ele>1369.545030</ele>
        <time>2026-06-25T19:49:23.814Z</time>
      </trkpt>
      <trkpt lat="42.693785" lon="13.604448">
        <ele>1368.953883</ele>
        <time>2026-06-25T19:49:29.370Z</time>
      </trkpt>
      <trkpt lat="42.693809" lon="13.604019">
        <ele>1364.099385</ele>
        <time>2026-06-25T19:50:17.237Z</time>
      </trkpt>
      <trkpt lat="42.693838" lon="13.603901">
        <ele>1362.695508</ele>
        <time>2026-06-25T19:50:31.071Z</time>
      </trkpt>
      <trkpt lat="42.693917" lon="13.603761">
        <ele>1360.609903</ele>
        <time>2026-06-25T19:50:50.489Z</time>
      </trkpt>
      <trkpt lat="42.694036" lon="13.603457">
        <ele>1356.533712</ele>
        <time>2026-06-25T19:51:27.629Z</time>
      </trkpt>
      <trkpt lat="42.694163" lon="13.603313">
        <ele>1353.871743</ele>
        <time>2026-06-25T19:51:51.662Z</time>
      </trkpt>
      <trkpt lat="42.694184" lon="13.603226">
        <ele>1352.788025</ele>
        <time>2026-06-25T19:52:01.389Z</time>
      </trkpt>
      <trkpt lat="42.694164" lon="13.603183">
        <ele>1352.185797</ele>
        <time>2026-06-25T19:52:06.841Z</time>
      </trkpt>
      <trkpt lat="42.694177" lon="13.603115">
        <ele>1351.354262</ele>
        <time>2026-06-25T19:52:13.861Z</time>
      </trkpt>
      <trkpt lat="42.694302" lon="13.602974">
        <ele>1348.739757</ele>
        <time>2026-06-25T19:52:36.546Z</time>
      </trkpt>
      <trkpt lat="42.694392" lon="13.602942">
        <ele>1347.241917</ele>
        <time>2026-06-25T19:52:49.332Z</time>
      </trkpt>
      <trkpt lat="42.694428" lon="13.602901">
        <ele>1346.485971</ele>
        <time>2026-06-25T19:52:55.563Z</time>
      </trkpt>
      <trkpt lat="42.694625" lon="13.602677">
        <ele>1342.352011</ele>
        <time>2026-06-25T19:53:29.400Z</time>
      </trkpt>
      <trkpt lat="42.694649" lon="13.602561">
        <ele>1340.925846</ele>
        <time>2026-06-25T19:53:40.721Z</time>
      </trkpt>
      <trkpt lat="42.694783" lon="13.602386">
        <ele>1337.935072</ele>
        <time>2026-06-25T19:54:04.172Z</time>
      </trkpt>
      <trkpt lat="42.695317" lon="13.602058">
        <ele>1331.515147</ele>
        <time>2026-06-25T19:55:13.648Z</time>
      </trkpt>
      <trkpt lat="42.695433" lon="13.602030">
        <ele>1330.724870</ele>
        <time>2026-06-25T19:55:26.634Z</time>
      </trkpt>
      <trkpt lat="42.695445" lon="13.602023">
        <ele>1330.637288</ele>
        <time>2026-06-25T19:55:28.035Z</time>
      </trkpt>
      <trkpt lat="42.695607" lon="13.601931">
        <ele>1329.459734</ele>
        <time>2026-06-25T19:55:47.097Z</time>
      </trkpt>
      <trkpt lat="42.696057" lon="13.601424">
        <ele>1325.540575</ele>
        <time>2026-06-25T19:56:52.727Z</time>
      </trkpt>
      <trkpt lat="42.696137" lon="13.601334">
        <ele>1324.844256</ele>
        <time>2026-06-25T19:57:04.389Z</time>
      </trkpt>
      <trkpt lat="42.696310" lon="13.601079">
        <ele>1323.133348</ele>
        <time>2026-06-25T19:57:32.159Z</time>
      </trkpt>
      <trkpt lat="42.696418" lon="13.601032">
        <ele>1322.372731</ele>
        <time>2026-06-25T19:57:44.367Z</time>
      </trkpt>
      <trkpt lat="42.696601" lon="13.600962">
        <ele>1320.608578</ele>
        <time>2026-06-25T19:58:04.894Z</time>
      </trkpt>
      <trkpt lat="42.696702" lon="13.600967">
        <ele>1319.273594</ele>
        <time>2026-06-25T19:58:16.153Z</time>
      </trkpt>
      <trkpt lat="42.696716" lon="13.600976">
        <ele>1319.069068</ele>
        <time>2026-06-25T19:58:17.741Z</time>
      </trkpt>
      <trkpt lat="42.696837" lon="13.601062">
        <ele>1317.265869</ele>
        <time>2026-06-25T19:58:33.230Z</time>
      </trkpt>
      <trkpt lat="42.696972" lon="13.601113">
        <ele>1315.415209</ele>
        <time>2026-06-25T19:58:49.421Z</time>
      </trkpt>
      <trkpt lat="42.697004" lon="13.601084">
        <ele>1314.907349</ele>
        <time>2026-06-25T19:58:53.676Z</time>
      </trkpt>
      <trkpt lat="42.697447" lon="13.601105">
        <ele>1309.052246</ele>
        <time>2026-06-25T19:59:48.078Z</time>
      </trkpt>
      <trkpt lat="42.697659" lon="13.601204">
        <ele>1306.091623</ele>
        <time>2026-06-25T20:00:17.246Z</time>
      </trkpt>
      <trkpt lat="42.697671" lon="13.601209">
        <ele>1305.925850</ele>
        <time>2026-06-25T20:00:18.896Z</time>
      </trkpt>
      <trkpt lat="42.697402" lon="13.601398">
        <ele>1301.926896</ele>
        <time>2026-06-25T20:00:58.772Z</time>
      </trkpt>
      <trkpt lat="42.697268" lon="13.601662">
        <ele>1298.812222</ele>
        <time>2026-06-25T20:01:30.260Z</time>
      </trkpt>
      <trkpt lat="42.697258" lon="13.601757">
        <ele>1297.880565</ele>
        <time>2026-06-25T20:01:40.543Z</time>
      </trkpt>
      <trkpt lat="42.697442" lon="13.602041">
        <ele>1290.457926</ele>
        <time>2026-06-25T20:02:25.314Z</time>
      </trkpt>
      <trkpt lat="42.697447" lon="13.602176">
        <ele>1287.794371</ele>
        <time>2026-06-25T20:02:42.729Z</time>
      </trkpt>
      <trkpt lat="42.697422" lon="13.602251">
        <ele>1286.171593</ele>
        <time>2026-06-25T20:02:53.383Z</time>
      </trkpt>
      <trkpt lat="42.697516" lon="13.602332">
        <ele>1283.188405</ele>
        <time>2026-06-25T20:03:13.622Z</time>
      </trkpt>
      <trkpt lat="42.697571" lon="13.602420">
        <ele>1280.912125</ele>
        <time>2026-06-25T20:03:29.185Z</time>
      </trkpt>
      <trkpt lat="42.697497" lon="13.602494">
        <ele>1278.449862</ele>
        <time>2026-06-25T20:03:46.130Z</time>
      </trkpt>
      <trkpt lat="42.697452" lon="13.602589">
        <ele>1276.222758</ele>
        <time>2026-06-25T20:04:01.368Z</time>
      </trkpt>
      <trkpt lat="42.697480" lon="13.602851">
        <ele>1271.005745</ele>
        <time>2026-06-25T20:04:37.059Z</time>
      </trkpt>
      <trkpt lat="42.697415" lon="13.603150">
        <ele>1264.861598</ele>
        <time>2026-06-25T20:05:19.346Z</time>
      </trkpt>
      <trkpt lat="42.697786" lon="13.603614">
        <ele>1251.350818</ele>
        <time>2026-06-25T20:06:51.813Z</time>
      </trkpt>
      <trkpt lat="42.698092" lon="13.603691">
        <ele>1243.243709</ele>
        <time>2026-06-25T20:07:48.684Z</time>
      </trkpt>
      <trkpt lat="42.698256" lon="13.603608">
        <ele>1238.719993</ele>
        <time>2026-06-25T20:08:20.423Z</time>
      </trkpt>
      <trkpt lat="42.698589" lon="13.603544">
        <ele>1230.025422</ele>
        <time>2026-06-25T20:09:19.700Z</time>
      </trkpt>
      <trkpt lat="42.698709" lon="13.603767">
        <ele>1224.773991</ele>
        <time>2026-06-25T20:09:54.735Z</time>
      </trkpt>
      <trkpt lat="42.698861" lon="13.603861">
        <ele>1220.457474</ele>
        <time>2026-06-25T20:10:22.728Z</time>
      </trkpt>
      <trkpt lat="42.699020" lon="13.603732">
        <ele>1215.671552</ele>
        <time>2026-06-25T20:10:53.716Z</time>
      </trkpt>
      <trkpt lat="42.699141" lon="13.603837">
        <ele>1211.961301</ele>
        <time>2026-06-25T20:11:17.495Z</time>
      </trkpt>
      <trkpt lat="42.699150" lon="13.604119">
        <ele>1206.598208</ele>
        <time>2026-06-25T20:11:51.238Z</time>
      </trkpt>
      <trkpt lat="42.698895" lon="13.604313">
        <ele>1199.612959</ele>
        <time>2026-06-25T20:12:37.400Z</time>
      </trkpt>
      <trkpt lat="42.698943" lon="13.604360">
        <ele>1198.297193</ele>
        <time>2026-06-25T20:12:46.509Z</time>
      </trkpt>
      <trkpt lat="42.699214" lon="13.604260">
        <ele>1192.049745</ele>
        <time>2026-06-25T20:13:29.104Z</time>
      </trkpt>
      <trkpt lat="42.699435" lon="13.604290">
        <ele>1187.108161</ele>
        <time>2026-06-25T20:14:01.278Z</time>
      </trkpt>
      <trkpt lat="42.699370" lon="13.604525">
        <ele>1183.002355</ele>
        <time>2026-06-25T20:14:27.660Z</time>
      </trkpt>
      <trkpt lat="42.699202" lon="13.604601">
        <ele>1179.063242</ele>
        <time>2026-06-25T20:14:53.129Z</time>
      </trkpt>
      <trkpt lat="42.699158" lon="13.604677">
        <ele>1177.481215</ele>
        <time>2026-06-25T20:15:03.456Z</time>
      </trkpt>
      <trkpt lat="42.699258" lon="13.604777">
        <ele>1174.720003</ele>
        <time>2026-06-25T20:15:21.724Z</time>
      </trkpt>
      <trkpt lat="42.699400" lon="13.604754">
        <ele>1171.538246</ele>
        <time>2026-06-25T20:15:43.460Z</time>
      </trkpt>
      <trkpt lat="42.699534" lon="13.604665">
        <ele>1168.220568</ele>
        <time>2026-06-25T20:16:06.653Z</time>
      </trkpt>
      <trkpt lat="42.699655" lon="13.604530">
        <ele>1164.739051</ele>
        <time>2026-06-25T20:16:31.978Z</time>
      </trkpt>
      <trkpt lat="42.699935" lon="13.604460">
        <ele>1155.970024</ele>
        <time>2026-06-25T20:17:21.400Z</time>
      </trkpt>
      <trkpt lat="42.700164" lon="13.604601">
        <ele>1147.477062</ele>
        <time>2026-06-25T20:18:07.252Z</time>
      </trkpt>
      <trkpt lat="42.700457" lon="13.605071">
        <ele>1132.172683</ele>
        <time>2026-06-25T20:19:38.135Z</time>
      </trkpt>
      <trkpt lat="42.700774" lon="13.605404">
        <ele>1118.641136</ele>
        <time>2026-06-25T20:21:07.630Z</time>
      </trkpt>
      <trkpt lat="42.700837" lon="13.605429">
        <ele>1116.423763</ele>
        <time>2026-06-25T20:21:22.624Z</time>
      </trkpt>
      <trkpt lat="42.701014" lon="13.605395">
        <ele>1110.383832</ele>
        <time>2026-06-25T20:22:03.545Z</time>
      </trkpt>
      <trkpt lat="42.701110" lon="13.605429">
        <ele>1107.032027</ele>
        <time>2026-06-25T20:22:26.281Z</time>
      </trkpt>
      <trkpt lat="42.701168" lon="13.605481">
        <ele>1104.685128</ele>
        <time>2026-06-25T20:22:41.939Z</time>
      </trkpt>
      <trkpt lat="42.701191" lon="13.605564">
        <ele>1102.482465</ele>
        <time>2026-06-25T20:22:56.459Z</time>
      </trkpt>
      <trkpt lat="42.701174" lon="13.605733">
        <ele>1098.392430</ele>
        <time>2026-06-25T20:23:24.162Z</time>
      </trkpt>
      <trkpt lat="42.701212" lon="13.605961">
        <ele>1092.794340</ele>
        <time>2026-06-25T20:24:01.581Z</time>
      </trkpt>
      <trkpt lat="42.701166" lon="13.606100">
        <ele>1089.144092</ele>
        <time>2026-06-25T20:24:25.137Z</time>
      </trkpt>
      <trkpt lat="42.701179" lon="13.606220">
        <ele>1086.239642</ele>
        <time>2026-06-25T20:24:43.484Z</time>
      </trkpt>
      <trkpt lat="42.701221" lon="13.606336">
        <ele>1083.143216</ele>
        <time>2026-06-25T20:25:02.617Z</time>
      </trkpt>
      <trkpt lat="42.701273" lon="13.606404">
        <ele>1080.793353</ele>
        <time>2026-06-25T20:25:16.583Z</time>
      </trkpt>
      <trkpt lat="42.701350" lon="13.606445">
        <ele>1078.099250</ele>
        <time>2026-06-25T20:25:32.636Z</time>
      </trkpt>
      <trkpt lat="42.701973" lon="13.606314">
        <ele>1057.559362</ele>
        <time>2026-06-25T20:27:34.053Z</time>
      </trkpt>
      <trkpt lat="42.702180" lon="13.606494">
        <ele>1049.555239</ele>
        <time>2026-06-25T20:28:18.386Z</time>
      </trkpt>
      <trkpt lat="42.702312" lon="13.606670">
        <ele>1043.536976</ele>
        <time>2026-06-25T20:28:51.394Z</time>
      </trkpt>
      <trkpt lat="42.702387" lon="13.606914">
        <ele>1037.311095</ele>
        <time>2026-06-25T20:29:25.997Z</time>
      </trkpt>
      <trkpt lat="42.702439" lon="13.607293">
        <ele>1028.235375</ele>
        <time>2026-06-25T20:30:17.180Z</time>
      </trkpt>
      <trkpt lat="42.702417" lon="13.607316">
        <ele>1027.346707</ele>
        <time>2026-06-25T20:30:22.331Z</time>
      </trkpt>
      <trkpt lat="42.702263" lon="13.607289">
        <ele>1022.373029</ele>
        <time>2026-06-25T20:30:51.523Z</time>
      </trkpt>
      <trkpt lat="42.702224" lon="13.607316">
        <ele>1020.971402</ele>
        <time>2026-06-25T20:30:59.738Z</time>
      </trkpt>
      <trkpt lat="42.702224" lon="13.607379">
        <ele>1019.488393</ele>
        <time>2026-06-25T20:31:08.622Z</time>
      </trkpt>
      <trkpt lat="42.702266" lon="13.607499">
        <ele>1016.359608</ele>
        <time>2026-06-25T20:31:27.674Z</time>
      </trkpt>
      <trkpt lat="42.702255" lon="13.607574">
        <ele>1014.559306</ele>
        <time>2026-06-25T20:31:38.663Z</time>
      </trkpt>
      <trkpt lat="42.702279" lon="13.607755">
        <ele>1010.229803</ele>
        <time>2026-06-25T20:32:05.775Z</time>
      </trkpt>
      <trkpt lat="42.702318" lon="13.607901">
        <ele>1006.572993</ele>
        <time>2026-06-25T20:32:29.428Z</time>
      </trkpt>
      <trkpt lat="42.702486" lon="13.608100">
        <ele>999.438388</ele>
        <time>2026-06-25T20:33:15.770Z</time>
      </trkpt>
      <trkpt lat="42.702555" lon="13.608238">
        <ele>995.509319</ele>
        <time>2026-06-25T20:33:41.381Z</time>
      </trkpt>
      <trkpt lat="42.702569" lon="13.608355">
        <ele>992.718905</ele>
        <time>2026-06-25T20:33:59.411Z</time>
      </trkpt>
      <trkpt lat="42.702674" lon="13.608655">
        <ele>984.882944</ele>
        <time>2026-06-25T20:34:50.010Z</time>
      </trkpt>
      <trkpt lat="42.702698" lon="13.608872">
        <ele>979.657403</ele>
        <time>2026-06-25T20:35:23.479Z</time>
      </trkpt>
      <trkpt lat="42.702682" lon="13.609113">
        <ele>973.895180</ele>
        <time>2026-06-25T20:36:00.001Z</time>
      </trkpt>
      <trkpt lat="42.702806" lon="13.609593">
        <ele>961.779449</ele>
        <time>2026-06-25T20:37:16.167Z</time>
      </trkpt>
      <trkpt lat="42.702762" lon="13.609761">
        <ele>957.532459</ele>
        <time>2026-06-25T20:37:42.780Z</time>
      </trkpt>
      <trkpt lat="42.702773" lon="13.609844">
        <ele>955.524127</ele>
        <time>2026-06-25T20:37:55.141Z</time>
      </trkpt>
      <trkpt lat="42.702847" lon="13.610009">
        <ele>950.921154</ele>
        <time>2026-06-25T20:38:23.402Z</time>
      </trkpt>
      <trkpt lat="42.702861" lon="13.610122">
        <ele>948.192358</ele>
        <time>2026-06-25T20:38:39.732Z</time>
      </trkpt>
      <trkpt lat="42.702839" lon="13.610369">
        <ele>942.267601</ele>
        <time>2026-06-25T20:39:15.004Z</time>
      </trkpt>
      <trkpt lat="42.702941" lon="13.610467">
        <ele>938.221639</ele>
        <time>2026-06-25T20:39:38.757Z</time>
      </trkpt>
      <trkpt lat="42.702982" lon="13.610651">
        <ele>933.643141</ele>
        <time>2026-06-25T20:40:05.299Z</time>
      </trkpt>
      <trkpt lat="42.702908" lon="13.610977">
        <ele>926.004221</ele>
        <time>2026-06-25T20:40:51.639Z</time>
      </trkpt>
      <trkpt lat="42.702861" lon="13.611048">
        <ele>924.208006</ele>
        <time>2026-06-25T20:41:04.395Z</time>
      </trkpt>
      <trkpt lat="42.702814" lon="13.611090">
        <ele>922.769770</ele>
        <time>2026-06-25T20:41:14.475Z</time>
      </trkpt>
      <trkpt lat="42.702610" lon="13.611078">
        <ele>917.546900</ele>
        <time>2026-06-25T20:41:51.129Z</time>
      </trkpt>
      <trkpt lat="42.702547" lon="13.611138">
        <ele>915.579988</ele>
        <time>2026-06-25T20:42:04.695Z</time>
      </trkpt>
      <trkpt lat="42.702496" lon="13.611458">
        <ele>909.425060</ele>
        <time>2026-06-25T20:42:46.730Z</time>
      </trkpt>
      <trkpt lat="42.702584" lon="13.612354">
        <ele>892.433039</ele>
        <time>2026-06-25T20:44:37.069Z</time>
      </trkpt>
      <trkpt lat="42.702761" lon="13.612790">
        <ele>883.070119</ele>
        <time>2026-06-25T20:45:35.670Z</time>
      </trkpt>
      <trkpt lat="42.703276" lon="13.613499">
        <ele>867.138753</ele>
        <time>2026-06-25T20:47:28.665Z</time>
      </trkpt>
      <trkpt lat="42.703688" lon="13.613826">
        <ele>856.897371</ele>
        <time>2026-06-25T20:48:40.144Z</time>
      </trkpt>
      <trkpt lat="42.703990" lon="13.614160">
        <ele>848.541165</ele>
        <time>2026-06-25T20:49:38.386Z</time>
      </trkpt>
      <trkpt lat="42.704311" lon="13.614400">
        <ele>840.772626</ele>
        <time>2026-06-25T20:50:33.767Z</time>
      </trkpt>
      <trkpt lat="42.704346" lon="13.614509">
        <ele>838.967066</ele>
        <time>2026-06-25T20:50:47.000Z</time>
      </trkpt>
      <trkpt lat="42.704343" lon="13.614623">
        <ele>837.235554</ele>
        <time>2026-06-25T20:50:59.748Z</time>
      </trkpt>
      <trkpt lat="42.704273" lon="13.615416">
        <ele>825.112088</ele>
        <time>2026-06-25T20:52:28.284Z</time>
      </trkpt>
      <trkpt lat="42.704673" lon="13.616172">
        <ele>810.971855</ele>
        <time>2026-06-25T20:54:10.011Z</time>
      </trkpt>
      <trkpt lat="42.704937" lon="13.616959">
        <ele>800.305899</ele>
        <time>2026-06-25T20:55:44.332Z</time>
      </trkpt>
      <trkpt lat="42.705120" lon="13.617130">
        <ele>797.098359</ele>
        <time>2026-06-25T20:56:15.254Z</time>
      </trkpt>
      <trkpt lat="42.705292" lon="13.617193">
        <ele>794.524673</ele>
        <time>2026-06-25T20:56:38.621Z</time>
      </trkpt>
      <trkpt lat="42.705549" lon="13.617349">
        <ele>790.458596</ele>
        <time>2026-06-25T20:57:14.508Z</time>
      </trkpt>
      <trkpt lat="42.705762" lon="13.617701">
        <ele>785.617040</ele>
        <time>2026-06-25T20:57:55.159Z</time>
      </trkpt>
      <trkpt lat="42.705426" lon="13.618348">
        <ele>778.182633</ele>
        <time>2026-06-25T20:59:04.038Z</time>
      </trkpt>
      <trkpt lat="42.705193" lon="13.618378">
        <ele>775.960110</ele>
        <time>2026-06-25T20:59:30.981Z</time>
      </trkpt>
      <trkpt lat="42.705150" lon="13.618420">
        <ele>775.457471</ele>
        <time>2026-06-25T20:59:37.032Z</time>
      </trkpt>
      <trkpt lat="42.705148" lon="13.618570">
        <ele>774.410538</ele>
        <time>2026-06-25T20:59:49.444Z</time>
      </trkpt>
      <trkpt lat="42.705193" lon="13.618746">
        <ele>773.110121</ele>
        <time>2026-06-25T21:00:04.872Z</time>
      </trkpt>
      <trkpt lat="42.705244" lon="13.618847">
        <ele>772.254945</ele>
        <time>2026-06-25T21:00:15.106Z</time>
      </trkpt>
      <trkpt lat="42.705266" lon="13.618974">
        <ele>771.344398</ele>
        <time>2026-06-25T21:00:25.913Z</time>
      </trkpt>
      <trkpt lat="42.705348" lon="13.619043">
        <ele>770.428854</ele>
        <time>2026-06-25T21:00:37.045Z</time>
      </trkpt>
      <trkpt lat="42.705413" lon="13.619372">
        <ele>768.051439</ele>
        <time>2026-06-25T21:01:06.382Z</time>
      </trkpt>
      <trkpt lat="42.705683" lon="13.620170">
        <ele>761.270385</ele>
        <time>2026-06-25T21:02:26.390Z</time>
      </trkpt>
      <trkpt lat="42.705669" lon="13.620344">
        <ele>759.296542</ele>
        <time>2026-06-25T21:02:42.813Z</time>
      </trkpt>
      <trkpt lat="42.705690" lon="13.620567">
        <ele>756.761312</ele>
        <time>2026-06-25T21:03:03.790Z</time>
      </trkpt>
      <trkpt lat="42.705683" lon="13.620978">
        <ele>752.125414</ele>
        <time>2026-06-25T21:03:42.585Z</time>
      </trkpt>
      <trkpt lat="42.705695" lon="13.621073">
        <ele>751.038432</ele>
        <time>2026-06-25T21:03:51.770Z</time>
      </trkpt>
      <trkpt lat="42.705774" lon="13.621274">
        <ele>748.468018</ele>
        <time>2026-06-25T21:04:13.779Z</time>
      </trkpt>
      <trkpt lat="42.705801" lon="13.621698">
        <ele>743.668859</ele>
        <time>2026-06-25T21:04:54.949Z</time>
      </trkpt>
      <trkpt lat="42.705835" lon="13.621731">
        <ele>743.028006</ele>
        <time>2026-06-25T21:05:00.501Z</time>
      </trkpt>
      <trkpt lat="42.705866" lon="13.621900">
        <ele>741.063801</ele>
        <time>2026-06-25T21:05:17.521Z</time>
      </trkpt>
      <trkpt lat="42.705924" lon="13.621944">
        <ele>740.044812</ele>
        <time>2026-06-25T21:05:26.387Z</time>
      </trkpt>
      <trkpt lat="42.705989" lon="13.621885">
        <ele>738.845833</ele>
        <time>2026-06-25T21:05:36.758Z</time>
      </trkpt>
      <trkpt lat="42.706011" lon="13.621900">
        <ele>738.468230</ele>
        <time>2026-06-25T21:05:40.100Z</time>
      </trkpt>
      <trkpt lat="42.706012" lon="13.622061">
        <ele>736.652654</ele>
        <time>2026-06-25T21:05:55.887Z</time>
      </trkpt>
      <trkpt lat="42.706053" lon="13.622125">
        <ele>735.695216</ele>
        <time>2026-06-25T21:06:04.377Z</time>
      </trkpt>
      <trkpt lat="42.706097" lon="13.622192">
        <ele>734.650159</ele>
        <time>2026-06-25T21:06:13.202Z</time>
      </trkpt>
      <trkpt lat="42.706104" lon="13.622249">
        <ele>733.968630</ele>
        <time>2026-06-25T21:06:18.867Z</time>
      </trkpt>
      <trkpt lat="42.706150" lon="13.622272">
        <ele>733.182148</ele>
        <time>2026-06-25T21:06:25.454Z</time>
      </trkpt>
      <trkpt lat="42.706193" lon="13.622341">
        <ele>732.115208</ele>
        <time>2026-06-25T21:06:34.358Z</time>
      </trkpt>
      <trkpt lat="42.706241" lon="13.622492">
        <ele>730.174978</ele>
        <time>2026-06-25T21:06:50.562Z</time>
      </trkpt>
      <trkpt lat="42.706358" lon="13.622707">
        <ele>727.019911</ele>
        <time>2026-06-25T21:07:16.801Z</time>
      </trkpt>
      <trkpt lat="42.706610" lon="13.623520">
        <ele>716.614132</ele>
        <time>2026-06-25T21:08:42.211Z</time>
      </trkpt>
      <trkpt lat="42.706668" lon="13.623554">
        <ele>715.600633</ele>
        <time>2026-06-25T21:08:50.410Z</time>
      </trkpt>
      <trkpt lat="42.706761" lon="13.623514">
        <ele>714.035353</ele>
        <time>2026-06-25T21:09:03.045Z</time>
      </trkpt>
      <trkpt lat="42.706805" lon="13.623558">
        <ele>713.159071</ele>
        <time>2026-06-25T21:09:10.111Z</time>
      </trkpt>
      <trkpt lat="42.706927" lon="13.623921">
        <ele>708.451733</ele>
        <time>2026-06-25T21:09:47.929Z</time>
      </trkpt>
      <trkpt lat="42.707155" lon="13.624342">
        <ele>702.869045</ele>
        <time>2026-06-25T21:10:37.076Z</time>
      </trkpt>
      <trkpt lat="42.707198" lon="13.624571">
        <ele>700.467412</ele>
        <time>2026-06-25T21:10:59.246Z</time>
      </trkpt>
      <trkpt lat="42.707307" lon="13.624838">
        <ele>697.363871</ele>
        <time>2026-06-25T21:11:27.622Z</time>
      </trkpt>
      <trkpt lat="42.707383" lon="13.625170">
        <ele>693.830531</ele>
        <time>2026-06-25T21:11:59.785Z</time>
      </trkpt>
      <trkpt lat="42.707575" lon="13.625479">
        <ele>689.718782</ele>
        <time>2026-06-25T21:12:37.027Z</time>
      </trkpt>
      <trkpt lat="42.707687" lon="13.625613">
        <ele>687.656666</ele>
        <time>2026-06-25T21:12:55.855Z</time>
      </trkpt>
      <trkpt lat="42.707718" lon="13.625856">
        <ele>685.150633</ele>
        <time>2026-06-25T21:13:18.867Z</time>
      </trkpt>
      <trkpt lat="42.707801" lon="13.626137">
        <ele>682.073388</ele>
        <time>2026-06-25T21:13:47.299Z</time>
      </trkpt>
      <trkpt lat="42.707788" lon="13.626205">
        <ele>681.371169</ele>
        <time>2026-06-25T21:13:53.863Z</time>
      </trkpt>
      <trkpt lat="42.707821" lon="13.626341">
        <ele>679.976853</ele>
        <time>2026-06-25T21:14:07.090Z</time>
      </trkpt>
      <trkpt lat="42.707847" lon="13.626699">
        <ele>676.474640</ele>
        <time>2026-06-25T21:14:40.643Z</time>
      </trkpt>
      <trkpt lat="42.707939" lon="13.626942">
        <ele>673.813433</ele>
        <time>2026-06-25T21:15:06.122Z</time>
      </trkpt>
      <trkpt lat="42.707945" lon="13.627010">
        <ele>673.146679</ele>
        <time>2026-06-25T21:15:12.510Z</time>
      </trkpt>
      <trkpt lat="42.708024" lon="13.627089">
        <ele>671.847861</ele>
        <time>2026-06-25T21:15:24.887Z</time>
      </trkpt>
      <trkpt lat="42.708059" lon="13.627227">
        <ele>670.426624</ele>
        <time>2026-06-25T21:15:38.582Z</time>
      </trkpt>
      <trkpt lat="42.708136" lon="13.627225">
        <ele>669.406305</ele>
        <time>2026-06-25T21:15:48.382Z</time>
      </trkpt>
      <trkpt lat="42.708350" lon="13.627643">
        <ele>664.446706</ele>
        <time>2026-06-25T21:16:36.093Z</time>
      </trkpt>
      <trkpt lat="42.708403" lon="13.627691">
        <ele>663.603260</ele>
        <time>2026-06-25T21:16:44.156Z</time>
      </trkpt>
      <trkpt lat="42.708524" lon="13.627994">
        <ele>660.246041</ele>
        <time>2026-06-25T21:17:16.066Z</time>
      </trkpt>
      <trkpt lat="42.708533" lon="13.628176">
        <ele>658.470232</ele>
        <time>2026-06-25T21:17:32.805Z</time>
      </trkpt>
      <trkpt lat="42.708498" lon="13.628345">
        <ele>657.193823</ele>
        <time>2026-06-25T21:17:48.594Z</time>
      </trkpt>
      <trkpt lat="42.708528" lon="13.628406">
        <ele>656.774129</ele>
        <time>2026-06-25T21:17:55.063Z</time>
      </trkpt>
      <trkpt lat="42.708518" lon="13.628469">
        <ele>656.405601</ele>
        <time>2026-06-25T21:18:00.731Z</time>
      </trkpt>
      <trkpt lat="42.708562" lon="13.628722">
        <ele>654.919040</ele>
        <time>2026-06-25T21:18:23.104Z</time>
      </trkpt>
      <trkpt lat="42.708585" lon="13.628821">
        <ele>654.325363</ele>
        <time>2026-06-25T21:18:32.053Z</time>
      </trkpt>
      <trkpt lat="42.708759" lon="13.629125">
        <ele>652.122073</ele>
        <time>2026-06-25T21:19:05.617Z</time>
      </trkpt>
      <trkpt lat="42.708889" lon="13.629276">
        <ele>650.792154</ele>
        <time>2026-06-25T21:19:25.709Z</time>
      </trkpt>
      <trkpt lat="42.708993" lon="13.629634">
        <ele>648.591043</ele>
        <time>2026-06-25T21:19:58.436Z</time>
      </trkpt>
      <trkpt lat="42.709075" lon="13.629825">
        <ele>647.326221</ele>
        <time>2026-06-25T21:20:16.907Z</time>
      </trkpt>
      <trkpt lat="42.709173" lon="13.629956">
        <ele>646.257326</ele>
        <time>2026-06-25T21:20:32.206Z</time>
      </trkpt>
      <trkpt lat="42.709203" lon="13.630040">
        <ele>645.723313</ele>
        <time>2026-06-25T21:20:39.787Z</time>
      </trkpt>
      <trkpt lat="42.709146" lon="13.630268">
        <ele>644.346290</ele>
        <time>2026-06-25T21:20:59.051Z</time>
      </trkpt>
      <trkpt lat="42.709145" lon="13.630399">
        <ele>643.732440</ele>
        <time>2026-06-25T21:21:09.421Z</time>
      </trkpt>
      <trkpt lat="42.709299" lon="13.631037">
        <ele>642.284557</ele>
        <time>2026-06-25T21:22:01.295Z</time>
      </trkpt>
      <trkpt lat="42.709407" lon="13.631225">
        <ele>641.770048</ele>
        <time>2026-06-25T21:22:19.585Z</time>
      </trkpt>
      <trkpt lat="42.709494" lon="13.631149">
        <ele>641.466708</ele>
        <time>2026-06-25T21:22:30.329Z</time>
      </trkpt>
      <trkpt lat="42.709566" lon="13.631152">
        <ele>641.255347</ele>
        <time>2026-06-25T21:22:37.784Z</time>
      </trkpt>
      <trkpt lat="42.709893" lon="13.631802">
        <ele>639.556935</ele>
        <time>2026-06-25T21:23:37.135Z</time>
      </trkpt>
      <trkpt lat="42.710117" lon="13.632074">
        <ele>638.676082</ele>
        <time>2026-06-25T21:24:09.443Z</time>
      </trkpt>
      <trkpt lat="42.710203" lon="13.632374">
        <ele>637.786700</ele>
        <time>2026-06-25T21:24:35.548Z</time>
      </trkpt>
      <trkpt lat="42.710214" lon="13.632527">
        <ele>637.338728</ele>
        <time>2026-06-25T21:24:48.084Z</time>
      </trkpt>
      <trkpt lat="42.710183" lon="13.632850">
        <ele>636.389510</ele>
        <time>2026-06-25T21:25:15.028Z</time>
      </trkpt>
      <trkpt lat="42.710119" lon="13.632900">
        <ele>636.096855</ele>
        <time>2026-06-25T21:25:23.390Z</time>
      </trkpt>
      <trkpt lat="42.710024" lon="13.632908">
        <ele>635.719388</ele>
        <time>2026-06-25T21:25:34.169Z</time>
      </trkpt>
      <trkpt lat="42.709984" lon="13.632890">
        <ele>635.552312</ele>
        <time>2026-06-25T21:25:38.881Z</time>
      </trkpt>
      <trkpt lat="42.709911" lon="13.632857">
        <ele>635.247259</ele>
        <time>2026-06-25T21:25:47.657Z</time>
      </trkpt>
      <trkpt lat="42.709859" lon="13.632832">
        <ele>635.028551</ele>
        <time>2026-06-25T21:25:53.917Z</time>
      </trkpt>
      <trkpt lat="42.709619" lon="13.632891">
        <ele>634.061368</ele>
        <time>2026-06-25T21:26:21.312Z</time>
      </trkpt>
      <trkpt lat="42.709398" lon="13.632778">
        <ele>633.125122</ele>
        <time>2026-06-25T21:26:47.612Z</time>
      </trkpt>
      <trkpt lat="42.709209" lon="13.632791">
        <ele>632.374639</ele>
        <time>2026-06-25T21:27:08.216Z</time>
      </trkpt>
      <trkpt lat="42.709107" lon="13.632822">
        <ele>631.960169</ele>
        <time>2026-06-25T21:27:19.331Z</time>
      </trkpt>
      <trkpt lat="42.708828" lon="13.633013">
        <ele>632.423419</ele>
        <time>2026-06-25T21:27:50.697Z</time>
      </trkpt>
      <trkpt lat="42.708736" lon="13.633231">
        <ele>633.518459</ele>
        <time>2026-06-25T21:28:11.479Z</time>
      </trkpt>
      <trkpt lat="42.708460" lon="13.633244">
        <ele>635.155524</ele>
        <time>2026-06-25T21:28:44.557Z</time>
      </trkpt>
      <trkpt lat="42.708425" lon="13.633279">
        <ele>635.412989</ele>
        <time>2026-06-25T21:28:49.949Z</time>
      </trkpt>
      <trkpt lat="42.708214" lon="13.633327">
        <ele>636.681120</ele>
        <time>2026-06-25T21:29:16.788Z</time>
      </trkpt>
      <trkpt lat="42.708111" lon="13.633732">
        <ele>638.547926</ele>
        <time>2026-06-25T21:29:57.184Z</time>
      </trkpt>
      <trkpt lat="42.707894" lon="13.634080">
        <ele>640.536012</ele>
        <time>2026-06-25T21:30:40.961Z</time>
      </trkpt>
      <trkpt lat="42.707843" lon="13.634241">
        <ele>641.299702</ele>
        <time>2026-06-25T21:30:57.779Z</time>
      </trkpt>
      <trkpt lat="42.707638" lon="13.634577">
        <ele>643.942525</ele>
        <time>2026-06-25T21:31:39.701Z</time>
      </trkpt>
      <trkpt lat="42.707526" lon="13.634821">
        <ele>646.012449</ele>
        <time>2026-06-25T21:32:07.266Z</time>
      </trkpt>
      <trkpt lat="42.707494" lon="13.634956">
        <ele>647.033048</ele>
        <time>2026-06-25T21:32:20.834Z</time>
      </trkpt>
      <trkpt lat="42.707417" lon="13.635065">
        <ele>648.120917</ele>
        <time>2026-06-25T21:32:35.178Z</time>
      </trkpt>
      <trkpt lat="42.707238" lon="13.635030">
        <ele>649.891565</ele>
        <time>2026-06-25T21:32:58.646Z</time>
      </trkpt>
      <trkpt lat="42.707042" lon="13.635051">
        <ele>651.816605</ele>
        <time>2026-06-25T21:33:24.633Z</time>
      </trkpt>
      <trkpt lat="42.706514" lon="13.635252">
        <ele>657.184899</ele>
        <time>2026-06-25T21:34:39.980Z</time>
      </trkpt>
      <trkpt lat="42.706319" lon="13.635204">
        <ele>659.125193</ele>
        <time>2026-06-25T21:35:06.988Z</time>
      </trkpt>
      <trkpt lat="42.706223" lon="13.635143">
        <ele>660.103164</ele>
        <time>2026-06-25T21:35:21.288Z</time>
      </trkpt>
      <trkpt lat="42.705911" lon="13.635115">
        <ele>662.790106</ele>
        <time>2026-06-25T21:36:03.089Z</time>
      </trkpt>
      <trkpt lat="42.705753" lon="13.635004">
        <ele>664.318108</ele>
        <time>2026-06-25T21:36:26.739Z</time>
      </trkpt>
      <trkpt lat="42.705686" lon="13.635030">
        <ele>664.916813</ele>
        <time>2026-06-25T21:36:35.782Z</time>
      </trkpt>
      <trkpt lat="42.705401" lon="13.635366">
        <ele>668.157183</ele>
        <time>2026-06-25T21:37:24.929Z</time>
      </trkpt>
      <trkpt lat="42.705208" lon="13.635343">
        <ele>669.822043</ele>
        <time>2026-06-25T21:37:49.981Z</time>
      </trkpt>
      <trkpt lat="42.705077" lon="13.635361">
        <ele>670.953493</ele>
        <time>2026-06-25T21:38:06.930Z</time>
      </trkpt>
      <trkpt lat="42.704949" lon="13.635491">
        <ele>672.326012</ele>
        <time>2026-06-25T21:38:27.049Z</time>
      </trkpt>
      <trkpt lat="42.704856" lon="13.635696">
        <ele>673.847373</ele>
        <time>2026-06-25T21:38:48.775Z</time>
      </trkpt>
      <trkpt lat="42.704786" lon="13.635775">
        <ele>674.628858</ele>
        <time>2026-06-25T21:38:59.816Z</time>
      </trkpt>
      <trkpt lat="42.704434" lon="13.636079">
        <ele>675.906144</ele>
        <time>2026-06-25T21:39:50.616Z</time>
      </trkpt>
      <trkpt lat="42.704277" lon="13.636136">
        <ele>676.256728</ele>
        <time>2026-06-25T21:40:09.955Z</time>
      </trkpt>
      <trkpt lat="42.704187" lon="13.636201">
        <ele>676.476562</ele>
        <time>2026-06-25T21:40:21.875Z</time>
      </trkpt>
      <trkpt lat="42.704085" lon="13.636393">
        <ele>676.852196</ele>
        <time>2026-06-25T21:40:41.957Z</time>
      </trkpt>
      <trkpt lat="42.703832" lon="13.636615">
        <ele>677.501702</ele>
        <time>2026-06-25T21:41:15.422Z</time>
      </trkpt>
      <trkpt lat="42.703688" lon="13.636794">
        <ele>677.922503</ele>
        <time>2026-06-25T21:41:35.972Z</time>
      </trkpt>
      <trkpt lat="42.703608" lon="13.636833">
        <ele>678.105850</ele>
        <time>2026-06-25T21:41:44.696Z</time>
      </trkpt>
      <trkpt lat="42.703500" lon="13.637005">
        <ele>678.464552</ele>
        <time>2026-06-25T21:42:01.392Z</time>
      </trkpt>
      <trkpt lat="42.703458" lon="13.637128">
        <ele>678.679597</ele>
        <time>2026-06-25T21:42:11.672Z</time>
      </trkpt>
      <trkpt lat="42.703957" lon="13.638437">
        <ele>673.004709</ele>
        <time>2026-06-25T21:44:13.869Z</time>
      </trkpt>
      <trkpt lat="42.704011" lon="13.638706">
        <ele>671.678727</ele>
        <time>2026-06-25T21:44:38.254Z</time>
      </trkpt>
      <trkpt lat="42.703971" lon="13.639322">
        <ele>668.738187</ele>
        <time>2026-06-25T21:45:31.683Z</time>
      </trkpt>
      <trkpt lat="42.703987" lon="13.639465">
        <ele>668.050374</ele>
        <time>2026-06-25T21:45:43.722Z</time>
      </trkpt>
      <trkpt lat="42.704123" lon="13.639921">
        <ele>665.648806</ele>
        <time>2026-06-25T21:46:24.305Z</time>
      </trkpt>
      <trkpt lat="42.704207" lon="13.640126">
        <ele>664.491516</ele>
        <time>2026-06-25T21:46:43.396Z</time>
      </trkpt>
      <trkpt lat="42.704315" lon="13.640187">
        <ele>663.706944</ele>
        <time>2026-06-25T21:46:56.266Z</time>
      </trkpt>
      <trkpt lat="42.704359" lon="13.640173">
        <ele>663.403761</ele>
        <time>2026-06-25T21:47:01.319Z</time>
      </trkpt>
      <trkpt lat="42.704417" lon="13.640079">
        <ele>662.798573</ele>
        <time>2026-06-25T21:47:11.255Z</time>
      </trkpt>
      <trkpt lat="42.704407" lon="13.639902">
        <ele>661.923281</ele>
        <time>2026-06-25T21:47:25.702Z</time>
      </trkpt>
      <trkpt lat="42.704255" lon="13.639317">
        <ele>658.863885</ele>
        <time>2026-06-25T21:48:16.542Z</time>
      </trkpt>
      <trkpt lat="42.704259" lon="13.639198">
        <ele>658.276528</ele>
        <time>2026-06-25T21:48:26.445Z</time>
      </trkpt>
      <trkpt lat="42.704338" lon="13.639084">
        <ele>657.503933</ele>
        <time>2026-06-25T21:48:39.383Z</time>
      </trkpt>
      <trkpt lat="42.704409" lon="13.639068">
        <ele>657.021066</ele>
        <time>2026-06-25T21:48:47.452Z</time>
      </trkpt>
      <trkpt lat="42.704470" lon="13.639101">
        <ele>656.580627</ele>
        <time>2026-06-25T21:48:54.863Z</time>
      </trkpt>
      <trkpt lat="42.705160" lon="13.640229">
        <ele>645.734488</ele>
        <time>2026-06-25T21:51:04.211Z</time>
      </trkpt>
      <trkpt lat="42.705241" lon="13.640380">
        <ele>644.254738</ele>
        <time>2026-06-25T21:51:21.532Z</time>
      </trkpt>
      <trkpt lat="42.705425" lon="13.640720">
        <ele>640.912565</ele>
        <time>2026-06-25T21:52:00.442Z</time>
      </trkpt>
      <trkpt lat="42.705814" lon="13.641213">
        <ele>635.374862</ele>
        <time>2026-06-25T21:53:06.072Z</time>
      </trkpt>
      <trkpt lat="42.706006" lon="13.641536">
        <ele>632.913491</ele>
        <time>2026-06-25T21:53:42.932Z</time>
      </trkpt>
      <trkpt lat="42.706055" lon="13.641766">
        <ele>631.494717</ele>
        <time>2026-06-25T21:54:04.042Z</time>
      </trkpt>
      <trkpt lat="42.706066" lon="13.641986">
        <ele>630.188287</ele>
        <time>2026-06-25T21:54:23.269Z</time>
      </trkpt>
      <trkpt lat="42.706021" lon="13.642235">
        <ele>628.669098</ele>
        <time>2026-06-25T21:54:45.593Z</time>
      </trkpt>
      <trkpt lat="42.705859" lon="13.642804">
        <ele>625.053805</ele>
        <time>2026-06-25T21:55:37.123Z</time>
      </trkpt>
      <trkpt lat="42.705809" lon="13.643184">
        <ele>622.766635</ele>
        <time>2026-06-25T21:56:08.541Z</time>
      </trkpt>
      <trkpt lat="42.705807" lon="13.643579">
        <ele>621.505767</ele>
        <time>2026-06-25T21:56:40.285Z</time>
      </trkpt>
      <trkpt lat="42.705826" lon="13.643688">
        <ele>621.553961</ele>
        <time>2026-06-25T21:56:49.139Z</time>
      </trkpt>
      <trkpt lat="42.705874" lon="13.643751">
        <ele>621.593002</ele>
        <time>2026-06-25T21:56:56.347Z</time>
      </trkpt>
      <trkpt lat="42.705723" lon="13.643949">
        <ele>621.715762</ele>
        <time>2026-06-25T21:57:18.492Z</time>
      </trkpt>
      <trkpt lat="42.705323" lon="13.644086">
        <ele>621.957237</ele>
        <time>2026-06-25T21:58:00.456Z</time>
      </trkpt>
      <trkpt lat="42.705014" lon="13.644343">
        <ele>622.169247</ele>
        <time>2026-06-25T21:58:39.786Z</time>
      </trkpt>
      <trkpt lat="42.704655" lon="13.644851">
        <ele>622.472452</ele>
        <time>2026-06-25T21:59:40.771Z</time>
      </trkpt>
      <trkpt lat="42.704497" lon="13.645446">
        <ele>622.717071</ele>
        <time>2026-06-25T22:00:35.540Z</time>
      </trkpt>
      <trkpt lat="42.704442" lon="13.645572">
        <ele>622.773410</ele>
        <time>2026-06-25T22:00:48.186Z</time>
      </trkpt>
      <trkpt lat="42.704135" lon="13.645961">
        <ele>622.992855</ele>
        <time>2026-06-25T22:01:35.331Z</time>
      </trkpt>
      <trkpt lat="42.704011" lon="13.646119">
        <ele>623.081722</ele>
        <time>2026-06-25T22:01:53.369Z</time>
      </trkpt>
      <trkpt lat="42.703752" lon="13.646709">
        <ele>623.345926</ele>
        <time>2026-06-25T22:02:45.543Z</time>
      </trkpt>
      <trkpt lat="42.703689" lon="13.646803">
        <ele>623.394834</ele>
        <time>2026-06-25T22:02:55.907Z</time>
      </trkpt>
      <trkpt lat="42.703183" lon="13.647219">
        <ele>617.479491</ele>
        <time>2026-06-25T22:04:06.760Z</time>
      </trkpt>
      <trkpt lat="42.703137" lon="13.647281">
        <ele>616.753604</ele>
        <time>2026-06-25T22:04:14.812Z</time>
      </trkpt>
      <trkpt lat="42.703293" lon="13.647616">
        <ele>613.486042</ele>
        <time>2026-06-25T22:04:51.671Z</time>
      </trkpt>
      <trkpt lat="42.703672" lon="13.648167">
        <ele>607.268010</ele>
        <time>2026-06-25T22:06:02.308Z</time>
      </trkpt>
      <trkpt lat="42.703818" lon="13.648440">
        <ele>604.486210</ele>
        <time>2026-06-25T22:06:34.082Z</time>
      </trkpt>
      <trkpt lat="42.704233" lon="13.649977">
        <ele>594.412610</ele>
        <time>2026-06-25T22:08:58.186Z</time>
      </trkpt>
      <trkpt lat="42.704675" lon="13.650364">
        <ele>590.161710</ele>
        <time>2026-06-25T22:09:56.012Z</time>
      </trkpt>
      <trkpt lat="42.704532" lon="13.650424">
        <ele>588.951412</ele>
        <time>2026-06-25T22:10:12.150Z</time>
      </trkpt>
      <trkpt lat="42.703894" lon="13.650920">
        <ele>586.828319</ele>
        <time>2026-06-25T22:11:30.090Z</time>
      </trkpt>
      <trkpt lat="42.703464" lon="13.651173">
        <ele>585.576049</ele>
        <time>2026-06-25T22:12:19.897Z</time>
      </trkpt>
      <trkpt lat="42.703020" lon="13.651505">
        <ele>584.221815</ele>
        <time>2026-06-25T22:13:12.666Z</time>
      </trkpt>
      <trkpt lat="42.702699" lon="13.651912">
        <ele>583.503659</ele>
        <time>2026-06-25T22:13:57.581Z</time>
      </trkpt>
      <trkpt lat="42.702407" lon="13.652403">
        <ele>582.921105</ele>
        <time>2026-06-25T22:14:44.879Z</time>
      </trkpt>
      <trkpt lat="42.702061" lon="13.652760">
        <ele>582.376150</ele>
        <time>2026-06-25T22:15:28.993Z</time>
      </trkpt>
      <trkpt lat="42.701481" lon="13.653226">
        <ele>581.262526</ele>
        <time>2026-06-25T22:16:38.127Z</time>
      </trkpt>
      <trkpt lat="42.700851" lon="13.653936">
        <ele>577.899292</ele>
        <time>2026-06-25T22:18:04.363Z</time>
      </trkpt>
      <trkpt lat="42.700592" lon="13.654129">
        <ele>576.685207</ele>
        <time>2026-06-25T22:18:36.247Z</time>
      </trkpt>
      <trkpt lat="42.700275" lon="13.654298">
        <ele>575.285416</ele>
        <time>2026-06-25T22:19:14.029Z</time>
      </trkpt>
      <trkpt lat="42.699892" lon="13.654432">
        <ele>574.253685</ele>
        <time>2026-06-25T22:19:59.465Z</time>
      </trkpt>
      <trkpt lat="42.699476" lon="13.654506">
        <ele>574.253685</ele>
        <time>2026-06-25T22:20:49.185Z</time>
      </trkpt>
      <trkpt lat="42.699188" lon="13.654749">
        <ele>574.253685</ele>
        <time>2026-06-25T22:21:30.096Z</time>
      </trkpt>
      <trkpt lat="42.698897" lon="13.655081">
        <ele>574.253685</ele>
        <time>2026-06-25T22:22:15.725Z</time>
      </trkpt>
      <trkpt lat="42.698682" lon="13.655731">
        <ele>574.253685</ele>
        <time>2026-06-25T22:23:16.797Z</time>
      </trkpt>
      <trkpt lat="42.698642" lon="13.656009">
        <ele>574.253685</ele>
        <time>2026-06-25T22:23:40.229Z</time>
      </trkpt>
      <trkpt lat="42.698622" lon="13.656061">
        <ele>574.253685</ele>
        <time>2026-06-25T22:23:45.008Z</time>
      </trkpt>
    </trkseg>
  </trk>
</gpx>